Cat_ID,RGZ_ID,Zooniverse_ID,Host_RA,Host_Dec,SWIRE_ID,SWIRE_RA,SWIRE_Dec,IRAC_3.6um,IRAC_3.6um_err,IRAC_4.5um,IRAC_4.5um_err,IRAC_5.8um,IRAC_5.8um_err,IRAC_8.0um,IRAC_8.0um_err,N^SWIRE_MATCH,z_sp,z_ph
5,RGZ_J033133.0-283131,ARG0003r1f,52.88768,-28.52591,SWIRE3_J033133.02-283131.3,52.88761,-28.52537,26.96,0.86,30.46,1.11,,,,,1,,
6,RGZ_J032914.9-272332,ARG0003r1e,52.31246,-27.39279,SWIRE3_J032914.99-272332.6,52.31250,-27.39241,54.71,0.97,71.63,1.02,109.28,3.89,158.46,3.77,1,,
12,RGZ_J033323.7-272407,ARG0003r1q,53.34941,-27.40224,SWIRE3_J033323.78-272407.0,53.34911,-27.40197,47.68,1.05,59,1.32,47.38,4.86,,,1,,
13,RGZ_J033409.2-282419,ARG0003r18,53.53887,-28.40571,SWIRE3_J033409.29-282419.2,53.53875,-28.40535,68.55,1.1,42.74,0.64,,,,,1,,0.69
14,RGZ_J033405.2-282333,ARG0003r18,53.52206,-28.39284,SWIRE3_J033405.25-282333.8,53.52188,-28.39274,30.29,0.91,36.59,1.16,,,,,1,,
17,RGZ_J033126.9-281811,ARG0003r1a,52.86292,-28.30352,SWIRE3_J033126.99-281811.2,52.86250,-28.30313,481.66,1.59,508.52,2.45,567.93,4.41,750.78,5.18,1,,0.236
18,RGZ_J032846.5-282618,ARG0003r1b,52.19414,-28.43877,SWIRE3_J032846.56-282618.1,52.19404,-28.43838,70.11,0.89,84.53,0.81,102.19,3.84,83.92,2.88,1,,
19,RGZ_J033553.3-272740a,ARG0003r1c,53.97227,-27.46174,SWIRE3_J033553.33-272740.4,53.97225,-27.46123,404.36,2.05,366.98,2.16,286.58,5.32,959.02,5.69,1,,
20,RGZ_J033551.9-272652b,ARG0003r1c,53.96689,-27.44798,SWIRE3_J033551.90-272652.5,53.96629,-27.44793,34.79,0.64,26.72,0.77,,,,,1,,
22,RGZ_J033242.8-273817,ARG0003r1h,53.17787,-27.63825,SWIRE3_J033242.82-273817.6,53.17845,-27.63824,45.49,1.03,46.74,1.24,,,65.42,5.06,1,,1.148
23,RGZ_J033431.0-282525,ARG0003r1i,53.62977,-28.42426,SWIRE3_J033431.07-282525.8,53.62949,-28.42385,60.92,1.16,59.55,0.95,,,58.92,3.58,1,,1.323
26,RGZ_J033521.6-275601,ARG0003r1n,53.84029,-27.93427,SWIRE3_J033521.65-275601.8,53.84023,-27.93386,188.14,1.92,188.6,2.1,122.97,5.65,580.99,7.1,1,,0.271
27,RGZ_J033034.5-282707,ARG0003r1o,52.64413,-28.45265,SWIRE3_J033034.56-282707.7,52.64403,-28.45216,29.32,0.88,38.89,1.18,56.02,5.11,53.34,5.14,1,,1.582
28,RGZ_J033021.8-280206,ARG0003r1p,52.59156,-28.03542,SWIRE3_J033021.89-280206.1,52.59123,-28.03503,146.66,1.78,113.04,1.71,75.61,5.48,52.77,5.07,1,,0.459
33,RGZ_J033405.3-284059,ARG0003r2e,53.52286,-28.68333,SWIRE3_J033405.37-284059.1,53.52240,-28.68310,19.68,0.54,25.78,1.06,,,,,1,,
34,RGZ_J033406.7-284102,ARG0003r2e,53.52852,-28.68445,SWIRE3_J033406.77-284102.9,53.52821,-28.68414,20.06,0.54,27.05,1.07,,,,,1,,1.5
35,RGZ_J033406.7-284141,ARG0003r2e,53.52843,-28.69527,SWIRE3_J033406.72-284141.5,53.52804,-28.69487,52.8,1.1,42.65,1.2,,,,,1,,1.109
43,RGZ_J033227.0-274105,ARG0003r1x,53.11269,-27.68506,SWIRE3_J033227.00-274105.3,53.11252,-27.68481,376.2,1.87,439.21,1.83,545.51,6.1,656.92,4.12,1,0.73,0.472
47,RGZ_J033211.2-272636,ARG0003r2m,53.04683,-27.44335,,,,,,,,,,,,0,,
48,RGZ_J033001.9-274638,ARG0003r21,52.50874,-27.77764,SWIRE3_J033001.96-274638.2,52.50818,-27.77729,11.66,0.58,18.91,0.64,,,,,1,,
58,RGZ_J032650.9-284747,ARG0003r29,51.71238,-28.79691,SWIRE3_J032650.90-284747.7,51.71209,-28.79661,18.31,0.56,18.09,0.58,,,,,1,,
59,RGZ_J032648.6-284735,ARG0003r29,51.70314,-28.79376,SWIRE3_J032648.69-284735.7,51.70289,-28.79325,77.41,0.91,70.36,0.95,36.13,3.7,33.27,3.24,1,,
66,RGZ_J032851.7-280547,ARG0003r2x,52.21541,-28.09629,SWIRE3_J032851.70-280547.6,52.21542,-28.09658,18.82,0.73,20.86,0.98,,,,,1,,
71,RGZ_J032826.5-271703,ARG0003r2d,52.11058,-27.28472,SWIRE3_J032826.52-271703.5,52.11053,-27.28433,154.74,1.28,93.11,1.33,85.69,3.63,55.69,4.8,1,,
76,RGZ_J033346.8-273923,ARG0003r2g,53.44553,-27.65670,SWIRE3_J033346.83-273923.5,53.44516,-27.65655,18.66,0.56,18.85,0.64,,,,,1,,
77,RGZ_J033349.1-273838,ARG0003r2g,53.45472,-27.64417,,,,,,,,,,,,0,,
81,RGZ_J033436.8-285020,ARG0003r34,53.65380,-28.83923,SWIRE3_J033436.86-285020.3,53.65362,-28.83898,64.55,0.83,50.91,1.03,40.5,3.46,,,1,,1.051
82,RGZ_J033441.1-284940,ARG0003r34,53.67162,-28.82815,SWIRE3_J033441.14-284940.9,53.67144,-28.82804,18.08,0.73,24.09,1.03,,,41.72,5.07,1,,
104,RGZ_J033043.6-283754,ARG0003r1l,52.68210,-28.63215,SWIRE3_J033043.64-283754.3,52.68186,-28.63177,159.14,1.82,101.44,1.08,98.75,5.17,39.59,3.46,1,,0.722
105,RGZ_J033047.5-283854,ARG0003r1l,52.69838,-28.64886,SWIRE3_J033047.55-283854.0,52.69816,-28.64836,386.64,2.9,316.29,2.77,206.2,6.46,128.95,5.58,1,,0.4
126,RGZ_J032830.9-273220,ARG0003r2z,52.12928,-27.53926,SWIRE3_J032830.97-273220.2,52.12907,-27.53897,23.66,0.74,23.78,0.69,,,45.66,3.29,1,,1.979
129,RGZ_J033249.1-274050,ARG0003r30,53.20517,-27.68096,SWIRE3_J033249.19-274050.7,53.20496,-27.68077,133.63,1.49,215.68,1.67,352.04,6.62,595.53,4.98,1,,
138,RGZ_J033201.7-281300,ARG0003r33,53.00689,-28.21668,,,,,,,,,,,,0,,
139,RGZ_J032821.9-280001,ARG0003r3s,52.09163,-28.00076,SWIRE3_J032821.93-280001.9,52.09139,-28.00055,80.15,1.19,44.96,1.16,,,,,1,,0.69
140,RGZ_J032826.2-280016,ARG0003r3s,52.10986,-28.00496,SWIRE3_J032826.27-280016.6,52.10947,-28.00462,21.59,0.73,21.85,1,,,,,1,,
149,RGZ_J033330.5-285427,ARG0003r2o,53.37763,-28.90820,SWIRE3_J033330.51-285427.8,53.37714,-28.90774,14.15,0.39,16.25,0.68,,,,,1,,1.443
150,RGZ_J033512.9-275233,ARG0003r39,53.80407,-27.87607,SWIRE3_J033512.96-275233.8,53.80400,-27.87606,136.72,1.71,100.17,1.64,82.91,4.29,710.62,7.11,1,,0.225
151,RGZ_J033508.7-275136,ARG0003r39,53.78655,-27.86037,SWIRE3_J033508.75-275136.3,53.78650,-27.86009,13.57,0.67,16.1,0.92,,,,,1,,
153,RGZ_J033122.6-281056,ARG0003r3y,52.84426,-28.18226,,,,,,,,,,,,0,,
154,RGZ_J033356.5-272444,ARG0003r3d,53.48580,-27.41265,SWIRE3_J033356.58-272444.4,53.48576,-27.41236,178.67,1.91,120.05,1.74,104.45,5.51,57.63,5.09,1,,
157,RGZ_J033333.6-281404,ARG0003r3g,53.39053,-28.23486,SWIRE3_J033333.63-281404.0,53.39016,-28.23446,60.72,1.15,77.1,1.45,92.74,5.35,133.3,5.29,1,,3.169
162,RGZ_J033402.8-282405,ARG0003r2v,53.51191,-28.40174,SWIRE3_J033402.83-282405.5,53.51180,-28.40155,139.57,1.7,87.56,1.09,61.97,5.23,,,1,,0.905
183,RGZ_J032832.7-285536,ARG0003r2h,52.13662,-28.92685,SWIRE3_J032832.78-285536.1,52.13659,-28.92671,42.9,0.49,49.48,1.06,49.46,2.39,,,1,,0.977
193,RGZ_J033213.2-274351,ARG0003r4e,,,,,,,,,,,,,,0,,
195,RGZ_J033405.5-274636a,ARG0003r3t,53.52330,-27.77719,SWIRE3_J033405.53-274636.5,53.52306,-27.77683,11.22,0.46,13.74,0.67,,,,,1,,
196,RGZ_J033409.5-274607b,ARG0003r3t,53.54029,-27.76887,SWIRE3_J033409.57-274607.1,53.53989,-27.76864,56.06,0.89,44.61,1.22,52.45,3.56,,,1,,
199,RGZ_J032629.8-284754,ARG0003r3w,51.62446,-28.79869,SWIRE3_J032629.81-284754.4,51.62422,-28.79846,77.31,1.04,48.55,1.03,51.17,3.85,,,1,,
224,RGZ_J032904.4-285137,ARG0003r45,52.26859,-28.86078,SWIRE3_J032904.42-285137.6,52.26843,-28.86046,46.14,1.03,36.08,1.14,44.88,4.99,252.33,5.68,1,,0.932
225,RGZ_J033219.2-275406,ARG0003r3l,53.08053,-27.90212,SWIRE3_J033219.25-275406.2,53.08023,-27.90175,164.51,1.45,117.08,1.76,87.43,4.51,68.96,5.11,1,,
270,RGZ_J033211.6-273726,ARG0003r3h,53.04870,-27.62442,SWIRE3_J033211.64-273726.1,53.04851,-27.62393,255.22,2.2,350.74,2.79,482.19,8.26,629.89,6.84,1,,0.265
271,RGZ_J033215.3-273706,ARG0003r3h,53.06450,-27.61882,SWIRE3_J033215.38-273706.4,53.06409,-27.61845,38.45,0.96,37.22,1.14,,,,,1,,
272,RGZ_J033211.8-273820,ARG0003r3h,53.04968,-27.63948,SWIRE3_J033211.88-273820.4,53.04951,-27.63902,63.55,0.84,69.13,1.4,46.82,3.92,190.26,5.5,1,,0.282
273,RGZ_J033207.9-273732,ARG0003r3h,53.03320,-27.62595,SWIRE3_J033207.94-273732.2,53.03311,-27.62562,59.54,1.04,72.62,1.02,132.83,5.08,218.82,3.95,1,,0.738
284,RGZ_J032830.9-280115,ARG0003r4s,52.12837,-28.02121,SWIRE3_J032830.91-280115.6,52.12883,-28.02101,35.31,0.87,26.69,1.01,,,,,1,,
285,RGZ_J032833.6-280151,ARG0003r4s,,,,,,,,,,,,,,0,,
286,RGZ_J032829.3-280150,ARG0003r4s,52.12247,-28.03110,SWIRE3_J032829.30-280150.5,52.12209,-28.03070,190.88,1.77,132.43,1.73,106.47,5.43,72.09,4.94,1,,0.837
291,RGZ_J033504.2-282125,ARG0003r4v,53.76776,-28.35734,SWIRE3_J033504.22-282125.5,53.76762,-28.35711,44.35,1.01,41.25,1.18,,,,,1,,1.399
307,RGZ_J032810.0-272637,ARG0003r54,,,,,,,,,,,,,,0,,
308,RGZ_J032806.1-272628,ARG0003r54,52.02562,-27.44167,SWIRE3_J032806.11-272628.6,52.02548,-27.44128,149.97,1.16,186.24,1.69,271.31,5.21,432.56,5.51,1,,
309,RGZ_J032803.8-272654,ARG0003r54,52.01601,-27.44906,SWIRE3_J032803.80-272654.8,52.01587,-27.44857,125.62,1.39,153.66,1.57,234.38,6.31,383.36,5.41,1,,
313,RGZ_J033517.7-275050,ARG0003r3z,53.82389,-27.84743,SWIRE3_J033517.71-275050.2,53.82380,-27.84730,23.99,0.81,29.54,1.09,,,52.67,5.21,1,,
319,RGZ_J033055.6-275201,ARG0003r5a,52.73209,-27.86743,SWIRE3_J033055.67-275201.7,52.73199,-27.86714,195.9,1.99,155.24,1.97,85.31,5.42,65.01,5.04,1,,0.294
322,RGZ_J032810.1-272637,ARG0003r5x,52.04208,-27.44378,,,,,,,,,,,,0,,
323,RGZ_J032811.2-272553,ARG0003r5x,52.04675,-27.43169,SWIRE3_J032811.20-272553.3,52.04669,-27.43148,85.12,0.83,73.53,0.89,43.93,2.94,65.51,3.38,1,,
350,RGZ_J033448.6-282205,ARG0003r67,53.70276,-28.36880,SWIRE3_J033448.62-282205.8,53.70262,-28.36830,142.27,1.7,88.95,1.28,81.63,5.59,,,1,,0.698
352,RGZ_J032947.1-273645,ARG0003r6a,52.44624,-27.61264,,,,,,,,,,,,0,,
375,RGZ_J033517.7-285407,ARG0003r5z,53.82441,-28.90228,SWIRE3_J033517.75-285407.1,53.82399,-28.90199,12.05,0.51,15.53,0.5,,,,,1,,
387,RGZ_J032822.6-283157,ARG0003r64,52.09460,-28.53304,SWIRE3_J032822.69-283157.9,52.09455,-28.53275,1949.06,4.59,1386.09,3.75,1859.96,10.43,10430.9,14.36,1,,0.132
388,RGZ_J033228.7-274356,ARG0003r5k,53.12040,-27.73250,SWIRE3_J033228.79-274356.1,53.11998,-27.73227,180.6,1.92,136.57,1.87,63.22,4.18,,,1,,0.253
389,RGZ_J033529.5-271856,ARG0003r66,53.87354,-27.31587,SWIRE3_J033529.52-271856.1,53.87302,-27.31561,131.88,1.67,87.13,1.53,,,,,1,,
390,RGZ_J033527.5-271950,ARG0003r66,53.86480,-27.33112,SWIRE3_J033527.50-271950.8,53.86459,-27.33079,159.98,1.8,143.3,1.84,138.37,5.79,167.66,5.44,1,,
399,RGZ_J032750.4-285136,ARG0003r6c,51.96063,-28.86049,SWIRE3_J032750.49-285136.0,51.96039,-28.86001,101.34,0.97,60.41,1.28,53.42,3.56,,,1,,
403,RGZ_J033358.2-274848,ARG0003r6d,53.49294,-27.81382,SWIRE3_J033358.29-274848.8,53.49289,-27.81357,68.11,1.19,85.25,1.5,89.68,5.24,113.44,5.19,1,,
406,RGZ_J033359.0-274820,ARG0003r6d,53.49622,-27.80595,SWIRE3_J033359.05-274820.3,53.49605,-27.80565,62.92,1.2,60.98,1.37,46.04,4.83,159.57,5.37,1,,
410,RGZ_J033106.8-274517,ARG0003r5t,52.77766,-27.75470,SWIRE3_J033106.82-274517.0,52.77845,-27.75474,71.39,1.18,52.82,1.07,,,41.38,4.04,1,,
422,RGZ_J032927.5-284015,ARG0003r6m,52.36495,-28.67129,SWIRE3_J032927.56-284015.5,52.36485,-28.67099,182.96,1.97,109.54,1.73,87.61,5.3,53.58,5.04,1,,0.738
423,RGZ_J033339.1-281705,ARG0003r6k,53.41341,-28.28530,SWIRE3_J033339.11-281705.9,53.41298,-28.28498,58.21,0.84,43.04,1.2,,,,,1,,1.118
424,RGZ_J033338.8-281804,ARG0003r6k,53.41233,-28.30157,SWIRE3_J033338.86-281804.7,53.41195,-28.30132,19.23,0.52,21.9,1,,,,,1,,
447,RGZ_J033355.4-283539,ARG0003r5l,53.48147,-28.59462,SWIRE3_J033355.45-283539.6,53.48106,-28.59436,97.61,1.24,59.79,1.32,50.4,4.82,54.34,4.98,1,,0.854
448,RGZ_J033358.9-283504b,ARG0003r5l,53.49603,-28.58487,SWIRE3_J033358.95-283504.0,53.49564,-28.58446,20.1,0.77,14.93,0.95,,,,,1,,0.445
449,RGZ_J033358.0-283416,ARG0003r5l,53.49221,-28.57158,SWIRE3_J033358.03-283416.6,53.49181,-28.57129,89.05,1.37,76.59,1.45,,,56.86,5.07,1,,1.178
450,RGZ_J033357.4-283550,ARG0003r5l,53.48951,-28.59764,SWIRE3_J033357.41-283550.3,53.48925,-28.59732,133.9,1.23,107.67,1.67,93.57,4.79,821.86,7.36,1,,0.208
481,RGZ_J032907.6-284117,ARG0003r75,52.28213,-28.68858,SWIRE3_J032907.63-284117.6,52.28183,-28.68823,1368.63,5.66,1126.12,3.83,1616.24,14.22,5854.52,11.84,1,0.067,0.086
491,RGZ_J033605.7-283758,ARG0003r7u,54.02438,-28.63320,SWIRE3_J033605.78-283758.7,54.02409,-28.63298,104.47,1.27,80.67,1.32,67.3,4.97,,,1,,1.158
492,RGZ_J033248.8-282219,ARG0003r7v,53.20406,-28.37256,SWIRE3_J033248.89-282219.6,53.20374,-28.37213,116.65,1.15,79.92,0.77,69.14,3.75,429.99,3.22,1,0.1174,0.086
493,RGZ_J033241.7-282241,ARG0003r7v,,,,,,,,,,,,,,0,,
494,RGZ_J033246.0-282232,ARG0003r7v,53.19201,-28.37611,SWIRE3_J033246.01-282232.3,53.19172,-28.37565,189.95,1.39,223.96,1.13,329.51,5.12,469.15,3.17,1,,0.067
519,RGZ_J032758.5-285339,ARG0003r87,51.99442,-28.89475,SWIRE3_J032758.57-285339.8,51.99405,-28.89439,27.44,0.81,34.49,0.84,,,38.58,3.33,1,,0.986
532,RGZ_J032759.1-272827,ARG0003r8b,51.99673,-27.47445,SWIRE3_J032759.16-272827.0,51.99651,-27.47419,36.99,0.86,40.86,1.12,,,,,1,,
576,RGZ_J033248.8-283052,ARG0003r83,53.20377,-28.51488,SWIRE3_J033248.86-283052.3,53.20362,-28.51454,226.14,2.22,171.31,2.06,148.8,6.6,886.74,7.81,1,,0.247
577,RGZ_J033245.8-283114,ARG0003r83,53.19099,-28.52110,SWIRE3_J033245.81-283114.8,53.19088,-28.52080,436.73,2.04,588.44,2.03,864.75,7.3,1421.25,4.98,1,,0.33
580,RGZ_J033456.3-271444,ARG0003r86,53.73521,-27.24594,SWIRE3_J033456.38-271444.8,53.73495,-27.24578,10.26,0.52,13.05,0.69,,,,,1,,
588,RGZ_J033252.2-280208,ARG0003r8a,53.21792,-28.03603,SWIRE3_J033252.25-280208.6,53.21773,-28.03574,139.65,1.38,109.81,1.62,91.54,4.84,41.32,4.87,1,,
589,RGZ_J033257.1-280210,ARG0003r8a,53.23850,-28.03652,SWIRE3_J033257.17-280210.0,53.23821,-28.03612,213.77,1.47,130.84,1.3,118.81,4,58.75,3.54,1,,
600,RGZ_J033300.9-284716,ARG0003r8f,53.25486,-28.78832,SWIRE3_J033300.99-284716.6,53.25415,-28.78795,54.5,1.11,54.78,1.3,44.18,4.98,66.34,5.25,1,,
621,RGZ_J032921.7-283312,ARG0003r99,52.34112,-28.55394,SWIRE3_J032921.74-283312.1,52.34061,-28.55337,486.89,2.24,353.9,2.01,517.42,6.15,3929.29,9.62,1,,0.076
627,RGZ_J032914.7-281000,ARG0003r8p,52.31142,-28.16697,SWIRE3_J032914.73-281000.2,52.31138,-28.16673,54.72,0.99,44.65,0.67,,,,,1,,1.28
628,RGZ_J033115.9-274442,ARG0003r84,52.81689,-27.74564,SWIRE3_J033115.99-274442.9,52.81665,-27.74527,63.41,1.21,56.61,1.32,,,,,1,,
666,RGZ_J033010.8-274611,ARG0003r96,52.54550,-27.77027,SWIRE3_J033010.86-274611.3,52.54525,-27.76983,25.36,0.83,26.09,1.07,,,,,1,,3.169
668,RGZ_J033008.6-274541,ARG0003r96,52.53638,-27.76174,SWIRE3_J033008.66-274541.2,52.53612,-27.76145,30.75,0.88,40.48,1.18,53.9,5.57,146.98,5.56,1,,0.486
702,RGZ_J032653.3-281815,ARG0003r9h,51.72288,-28.30460,SWIRE3_J032653.39-281815.3,51.72250,-28.30427,30.26,0.82,35.04,1.09,,,,,1,,
703,RGZ_J032651.3-281717,ARG0003r9h,51.71430,-28.28872,SWIRE3_J032651.37-281717.4,51.71407,-28.28817,226.54,1.51,255.34,2.32,335.92,5.17,936.42,7.15,1,,
801,RGZ_J033035.4-280249,ARG0003r9y,52.64794,-28.04743,SWIRE3_J033035.40-280249.2,52.64751,-28.04701,130.54,1.06,104.62,1.39,79.24,3.69,52.42,4.12,1,,0.294
802,RGZ_J033036.9-280241,ARG0003r9y,52.65422,-28.04538,SWIRE3_J033036.90-280241.9,52.65378,-28.04499,52.67,0.65,51.83,0.9,40.71,3.26,32.87,3.57,1,,1.466
803,RGZ_J033035.1-280337b,ARG0003r9y,52.64668,-28.06063,SWIRE3_J033035.11-280337.0,52.64632,-28.06029,482.29,2.25,354.26,2.34,405.46,6.43,3500.17,10.56,1,,0.102
804,RGZ_J033036.6-280424,ARG0003r9y,52.65285,-28.07385,SWIRE3_J033036.62-280424.1,52.65262,-28.07337,139.28,1.19,120.13,1.23,122.31,3.97,157.4,3.78,1,,0.845
807,RGZ_J032843.5-284552,ARG0003rb0,52.18197,-28.76470,SWIRE3_J032843.57-284552.1,52.18158,-28.76449,50.72,1.11,43.39,1.24,,,,,1,,1.249
824,RGZ_J033006.3-273804,ARG0003rao,52.52666,-27.63467,SWIRE3_J033006.37-273804.0,52.52655,-27.63445,54.67,0.9,50.18,0.79,43.33,4.04,40.85,3.02,1,,1.333
825,RGZ_J033005.6-273832,ARG0003rao,,,,,,,,,,,,,,0,,
826,RGZ_J033009.6-273839,ARG0003rao,52.54030,-27.64471,SWIRE3_J033009.64-273839.7,52.54017,-27.64437,76.36,1.3,57.72,1.32,48.64,5.02,,,1,,0.585
873,RGZ_J032731.3-281258,ARG0003rb7,51.88058,-28.21651,SWIRE3_J032731.31-281258.1,51.88049,-28.21616,316.35,2.3,274.16,2.36,342.02,6.91,1432.77,7.2,1,,
875,RGZ_J033008.6-274137,ARG0003rbt,52.53642,-27.69419,SWIRE3_J033008.69-274137.8,52.53624,-27.69385,110.29,1.52,72.74,1.43,70.4,5.41,,,1,,0.644
885,RGZ_J033530.1-281108,ARG0003rbx,53.87605,-28.18610,SWIRE3_J033530.19-281108.5,53.87583,-28.18572,32.19,0.68,38.54,1.18,,,56.15,5.33,1,,
886,RGZ_J033530.3-281025,ARG0003rbx,53.87668,-28.17409,SWIRE3_J033530.34-281025.5,53.87642,-28.17377,56.59,1.13,60.2,1.34,62.79,5.25,149.82,5.32,1,,1.582
905,RGZ_J033457.3-282158,ARG0003rc6,53.73919,-28.36672,SWIRE3_J033457.33-282158.6,53.73888,-28.36630,16.82,0.71,22.17,0.73,,,,,1,,
906,RGZ_J033459.0-282245,ARG0003rc6,53.74647,-28.37971,SWIRE3_J033459.08-282245.5,53.74619,-28.37932,40.67,0.97,32.36,1.1,,,,,1,,0.459
915,RGZ_J033335.2-274820,ARG0003ran,53.39716,-27.80610,SWIRE3_J033335.22-274820.5,53.39678,-27.80570,99.14,1.45,70.79,1.42,,,,,1,,
916,RGZ_J033334.5-274751,ARG0003ran,53.39426,-27.79776,SWIRE3_J033334.56-274751.4,53.39404,-27.79762,71.68,1.24,51.26,1.26,,,69.76,5.15,1,,
942,RGZ_J032926.5-274235,ARG0003rci,52.36091,-27.71010,SWIRE3_J032926.57-274235.5,52.36073,-27.70988,325.33,2.6,252.9,2,223.34,6.63,1499.43,7.62,1,,0.247
943,RGZ_J032929.5-274331,ARG0003rci,52.37323,-27.72569,SWIRE3_J032929.57-274331.3,52.37322,-27.72538,206.21,2.05,253.03,2.43,341.02,7.41,724.98,7.18,1,,0.081
949,RGZ_J033150.7-274703,ARG0003rby,52.96193,-27.78457,SWIRE3_J033150.77-274703.7,52.96157,-27.78438,18.51,0.59,21.36,1,,,,,1,,2.177
950,RGZ_J033448.4-285540,ARG0003rc2,53.70203,-28.92829,SWIRE3_J033448.41-285540.0,53.70175,-28.92778,15.01,0.7,18.13,0.97,,,,,1,,
958,RGZ_J032639.9-281814,ARG0003rbl,51.66635,-28.30381,SWIRE3_J032639.96-281814.1,51.66651,-28.30393,15.49,0.64,21,0.94,,,,,1,,
988,RGZ_J032923.7-280431,ARG0003rcg,52.34940,-28.07581,SWIRE3_J032923.76-280431.7,52.34901,-28.07549,23.48,0.81,25.28,1.04,,,,,1,,
989,RGZ_J032922.0-280420,ARG0003rcg,52.34209,-28.07257,SWIRE3_J032922.03-280420.7,52.34182,-28.07242,209.94,2.06,174.75,2.03,197.08,6.31,1946.41,9.85,1,,0.225
990,RGZ_J032917.8-280510,ARG0003rcg,52.32462,-28.08641,SWIRE3_J032917.83-280510.0,52.32430,-28.08613,137,1.69,103.39,0.99,91.41,5.71,623.56,4.14,1,,0.091
995,RGZ_J033331.6-280624,ARG0003rd2,53.38223,-28.10732,SWIRE3_J033331.69-280624.0,53.38206,-28.10669,87.36,1.34,82.29,1.47,93.08,5.29,294.82,5.72,1,,0.466
997,RGZ_J032744.1-281735,ARG0003rbh,51.93396,-28.29355,SWIRE3_J032744.10-281735.8,51.93378,-28.29328,38.36,0.72,46.42,0.88,59.3,3.92,,,1,,
1001,RGZ_J032744.7-273116,ARG0003rck,,,,,,,,,,,,,,0,,
1002,RGZ_J032748.5-273136,ARG0003rck,51.95251,-27.52722,SWIRE3_J032748.53-273136.5,51.95224,-27.52681,85.5,1.24,59.31,0.76,50.15,4.67,30.94,2.75,1,,
1012,RGZ_J033443.6-280017,ARG0003rcq,53.68208,-28.00484,SWIRE3_J033443.65-280017.4,53.68189,-28.00484,63.4,1.19,48.36,1.11,,,,,1,,0.995
1050,RGZ_J032747.0-282259,ARG0003rdo,51.94541,-28.38297,SWIRE3_J032747.01-282259.5,51.94589,-28.38320,483.24,2.14,347.78,2.86,454.88,6.38,2101.04,9.9,1,,0.062
1061,RGZ_J033049.7-275452,ARG0003rdu,,,,,,,,,,,,,,0,,
1062,RGZ_J033046.2-275518,ARG0003rdu,52.69300,-27.92209,SWIRE3_J033046.27-275518.8,52.69282,-27.92191,118.53,1.1,117.52,1.74,161,4.34,350.72,6.08,1,,
1063,RGZ_J033520.5-274654,ARG0003rd9,53.83514,-27.78235,SWIRE3_J033520.51-274654.9,53.83546,-27.78193,230.5,2.09,433.29,3.04,945.97,10.62,1932.12,9.71,1,,
1091,RGZ_J033033.0-273255,ARG0003rd3,52.63831,-27.54896,SWIRE3_J033033.05-273255.2,52.63775,-27.54867,18.56,0.74,23.2,1.04,,,,,1,,
1093,RGZ_J033341.6-283357,ARG0003re8,,,,,,,,,,,,,,0,,
1094,RGZ_J033344.3-283325,ARG0003re8,53.43475,-28.55717,SWIRE3_J033344.31-283325.2,53.43463,-28.55702,126.46,1.62,119.82,1.28,133.81,5.87,372.31,4.39,1,,0.413
1095,RGZ_J033437.5-275827,ARG0003rdp,53.65676,-27.97452,SWIRE3_J033437.59-275827.0,53.65664,-27.97418,353.96,2.62,548.06,2.75,864.23,10.29,1316.15,6.81,1,,
1096,RGZ_J033437.8-275915,ARG0003rdp,53.65759,-27.98752,,,,,,,,,,,,0,,
1097,RGZ_J032738.2-275704,ARG0003rea,51.90947,-27.95153,SWIRE3_J032738.22-275704.0,51.90925,-27.95112,37.79,0.91,37.67,1.1,,,118.22,4.94,1,,0.977
1120,RGZ_J033321.2-274138,ARG0003rcy,53.33905,-27.69424,SWIRE3_J033321.28-274138.5,53.33870,-27.69404,49.09,1.07,35.82,1.15,,,,,1,,
1121,RGZ_J033316.9-274121,ARG0003rcy,53.32104,-27.68955,SWIRE3_J033316.93-274121.9,53.32058,-27.68943,402.63,2.91,314.66,2.66,282.28,6.99,2083.42,10.18,1,,
1122,RGZ_J033342.3-274736,ARG0003rel,53.42684,-27.79389,SWIRE3_J033342.33-274736.9,53.42641,-27.79359,9.09,0.54,12.48,0.67,,,,,1,,
1138,RGZ_J032744.9-274127,ARG0003re9,51.93743,-27.69128,SWIRE3_J032744.91-274127.1,51.93716,-27.69087,129.1,1.51,97.81,1.54,74.89,5.01,634.65,6.44,1,,0.169
1139,RGZ_J032745.1-274052,ARG0003re9,51.93840,-27.68152,SWIRE3_J032745.14-274052.4,51.93811,-27.68124,309.45,2.28,329.89,2.68,333.47,6.83,784.07,6.83,1,,0.337
1144,RGZ_J033108.9-271949,ARG0003reu,52.78772,-27.33097,SWIRE3_J033108.97-271949.9,52.78739,-27.33055,77.45,1.33,68.65,1.39,,,,,1,,
1145,RGZ_J033107.5-271918,ARG0003reu,52.78188,-27.32236,SWIRE3_J033107.55-271918.5,52.78146,-27.32182,13.12,0.69,16.31,0.98,,,,,1,,
1146,RGZ_J033138.4-275942,ARG0003red,52.91053,-27.99552,SWIRE3_J033138.46-275942.2,52.91026,-27.99507,13.17,0.67,14.28,0.94,,,,,1,,
1152,RGZ_J033427.8-284235,ARG0003rey,53.61594,-28.71020,SWIRE3_J033427.84-284235.6,53.61601,-28.70991,13.98,0.71,16.6,0.94,,,49.42,5,1,,
1153,RGZ_J033430.2-284242,ARG0003rey,,,,,,,,,,,,,,0,,
1159,RGZ_J032639.3-284132,ARG0003ref,51.66420,-28.69269,SWIRE3_J032639.36-284132.1,51.66403,-28.69226,12.46,0.63,11.91,0.89,,,,,1,,
1160,RGZ_J032639.4-284207,ARG0003ref,51.66468,-28.70229,SWIRE3_J032639.45-284207.4,51.66441,-28.70207,48.13,0.97,33.71,1.09,,,,,1,,
1170,RGZ_J032828.0-274719,ARG0003rdz,52.11722,-27.78900,SWIRE3_J032828.05-274719.7,52.11691,-27.78883,45.58,0.93,51.58,1.2,56.12,4.99,,,1,,
1181,RGZ_J033204.9-282815,ARG0003rdl,53.02111,-28.47135,SWIRE3_J033204.99-282815.6,53.02080,-28.47100,183.09,1.1,116.26,1.31,112.48,3.2,56.78,3.82,1,,0.77
1182,RGZ_J033205.7-282754,ARG0003rdl,53.02461,-28.46539,SWIRE3_J033205.77-282754.6,53.02407,-28.46519,42.96,0.75,46.22,0.9,36,3.4,34.87,3.65,1,,0.265
1187,RGZ_J032912.7-280214,ARG0003rep,52.30274,-28.03768,SWIRE3_J032912.77-280214.7,52.30324,-28.03742,109.8,1.46,94.8,1.54,94.01,5.3,190.92,5.46,1,,0.466
1213,RGZ_J032826.7-280351,ARG0003rf0,,,,,,,,,,,,,,0,,
1214,RGZ_J032827.0-280509,ARG0003rf0,,,,,,,,,,,,,,0,,
1222,RGZ_J033037.6-283127,ARG0003rfn,52.65728,-28.52492,SWIRE3_J033037.63-283127.4,52.65681,-28.52430,13.69,0.58,16.77,0.97,,,,,1,,
1223,RGZ_J033146.5-275735,ARG0003rfo,52.94424,-27.95998,SWIRE3_J033146.57-275735.2,52.94405,-27.95980,128.42,1.64,125.94,1.79,110.87,5.52,310.15,5.96,1,,0.413
1224,RGZ_J033150.0-275806,ARG0003rfo,52.95880,-27.96892,SWIRE3_J033150.05-275806.8,52.95856,-27.96856,56.3,1.15,41.2,1.2,,,,,1,,0.493
1251,RGZ_J033025.7-275017,ARG0003rex,52.60722,-27.83876,SWIRE3_J033025.72-275017.4,52.60718,-27.83819,419.96,2.45,318.25,2.82,356.75,5.38,2580.53,11.61,1,,0.117
1261,RGZ_J033548.7-275631,ARG0003rg1,53.95341,-27.94227,SWIRE3_J033548.79-275631.7,53.95332,-27.94216,311.33,2.32,370.89,2.45,311.57,6.51,1997,8.58,1,,0.426
1291,RGZ_J033453.9-272921,ARG0003rfw,53.72498,-27.48938,SWIRE3_J033453.92-272921.3,53.72467,-27.48926,11.97,0.51,16.57,0.94,,,,,1,,
1300,RGZ_J033301.0-272728,ARG0003rfz,53.25401,-27.45800,,,,,,,,,,,,0,,
1304,RGZ_J033510.3-285428,ARG0003rgg,53.79365,-28.90833,SWIRE3_J033510.39-285428.2,53.79332,-28.90786,45.18,1.05,46.39,1.24,,,,,1,,
1305,RGZ_J033320.7-272714,ARG0003rg3,53.33622,-27.45392,,,,,,,,,,,,0,,
1306,RGZ_J032753.0-284027,ARG0003rfl,51.97147,-28.67434,SWIRE3_J032753.04-284027.1,51.97103,-28.67420,128.61,1.55,104.73,1.59,84.4,5.02,102.09,4.81,1,,1.128
1307,RGZ_J033337.9-284706,ARG0003rgi,53.40854,-28.78557,SWIRE3_J033337.97-284706.9,53.40824,-28.78526,70.93,1.26,40.75,0.85,,,,,1,,0.644
1309,RGZ_J032950.1-282456,ARG0003rg6,52.45940,-28.41604,SWIRE3_J032950.12-282456.9,52.45886,-28.41581,156.33,1.78,131.37,1.82,73.31,5.39,,,1,,0.306
1337,RGZ_J033000.3-275347,ARG0003rg5,52.50176,-27.89687,SWIRE3_J033000.36-275347.1,52.50153,-27.89644,733.23,3.96,566.63,3.38,449.54,8.49,1767.3,9.04,1,0.1412,0.186
1338,RGZ_J032957.4-275354,ARG0003rg5,52.48983,-27.89876,SWIRE3_J032957.45-275354.5,52.48940,-27.89849,121.11,0.97,106.27,1.26,87.06,3.71,140.01,4.05,1,,0.486
1353,RGZ_J033000.3-281320,ARG0003rgx,52.50176,-28.22258,SWIRE3_J033000.36-281320.4,52.50154,-28.22236,18.19,0.76,24.77,0.77,,,75.28,3.94,1,,2.42
1354,RGZ_J032959.5-281409a,ARG0003rgx,52.49805,-28.23631,SWIRE3_J032959.51-281409.2,52.49798,-28.23590,64.39,1.17,160.11,1.85,332.46,7.25,778.24,6.48,1,,
1355,RGZ_J033000.7-281348,ARG0003rgx,52.50342,-28.23061,SWIRE3_J033000.75-281348.9,52.50316,-28.23026,180.25,1.95,200.99,1.72,219.59,6.51,463.93,4.51,1,,0.466
1377,RGZ_J033153.5-285239,ARG0003rfs,,,,,,,,,,,,,,0,,
1379,RGZ_J033158.0-285254,ARG0003rfs,52.99235,-28.88205,SWIRE3_J033158.08-285254.0,52.99202,-28.88169,151.09,1.76,165.13,2,122.08,5.65,497.8,6.55,1,,0.219
1380,RGZ_J032959.5-281409b,ARG0003rff,52.49816,-28.23604,SWIRE3_J032959.51-281409.2,52.49798,-28.23590,64.39,1.17,160.11,1.85,332.46,7.25,778.24,6.48,1,,
1381,RGZ_J032955.2-281355,ARG0003rff,,,,,,,,,,,,,,0,,
1397,RGZ_J033311.7-274138,ARG0003rgz,53.29914,-27.69446,SWIRE3_J033311.77-274138.8,53.29906,-27.69412,40.73,0.99,36.92,0.94,,,,,1,,
1446,RGZ_J033356.1-281947,ARG0003rhh,,,,,,,,,,,,,,0,,
1497,RGZ_J033233.3-285222,ARG0003ri2,53.13920,-28.87321,SWIRE3_J033233.34-285222.7,53.13894,-28.87299,275.85,1.35,381.84,2.06,527.57,5.17,1436,6.31,1,,0.112
1498,RGZ_J032626.7-275835,ARG0003ri4,51.61153,-27.97682,SWIRE3_J032626.70-275835.4,51.61127,-27.97650,108.23,1.34,118.54,1.63,89.56,5.06,410.58,5.69,1,,
1499,RGZ_J032624.6-275749,ARG0003ri4,51.60291,-27.96397,SWIRE3_J032624.66-275749.5,51.60276,-27.96375,114.58,1.41,111.9,1.61,145.25,5.4,422.06,5.73,1,,
1502,RGZ_J032903.4-280757,ARG0003ri5,52.26463,-28.13298,SWIRE3_J032903.46-280757.9,52.26445,-28.13276,105.14,1.34,82.05,1.58,57.59,4.13,56.15,5.13,1,,0.977
1540,RGZ_J033107.1-273959,ARG0003rik,,,,,,,,,,,,,,0,,
1541,RGZ_J033109.5-274040,ARG0003rik,52.79005,-27.67840,SWIRE3_J033109.56-274040.3,52.78984,-27.67788,84.84,1.34,50.2,1.17,,,,,1,,0.803
1574,RGZ_J033500.4-280530,ARG0003riu,53.75184,-28.09207,SWIRE3_J033500.41-280530.0,53.75174,-28.09167,72.88,0.82,87.28,1.09,94.88,3.79,158.98,3.82,1,,1.27
1575,RGZ_J033500.3-280625,ARG0003riu,53.75156,-28.10713,SWIRE3_J033500.32-280625.8,53.75136,-28.10718,30.96,0.92,37.53,0.82,,,44.62,3.54,1,,
1576,RGZ_J033251.8-283105,ARG0003riw,53.21633,-28.51845,SWIRE3_J033251.86-283105.9,53.21611,-28.51833,34.43,0.92,25.75,1.07,50.88,4.96,,,1,,1.178
1604,RGZ_J032732.8-282753,ARG0003rj3,51.88709,-28.46537,SWIRE3_J032732.87-282753.0,51.88696,-28.46473,22.3,0.63,31.97,1.08,61.04,3.83,180.01,5.1,1,,
1611,RGZ_J033149.8-280809,ARG0003rj5,52.95801,-28.13625,SWIRE3_J033149.86-280809.5,52.95777,-28.13598,315.03,2.5,241.75,1.67,119.47,5.63,157.31,3.78,1,,0.225
1614,RGZ_J033102.0-272918,ARG0003rj7,,,,,,,,,,,,,,0,,
1615,RGZ_J032805.7-271605,ARG0003rj9,52.02404,-27.26841,SWIRE3_J032805.73-271605.5,52.02389,-27.26822,194.7,1.69,156.02,1.62,110.36,5.23,102.04,4.97,1,,
1661,RGZ_J033003.7-285439,ARG0003rjr,52.51566,-28.91094,SWIRE3_J033003.74-285439.3,52.51559,-28.91094,11.49,0.65,11.44,0.97,,,,,1,,
1662,RGZ_J033004.7-285453,ARG0003rjr,52.51997,-28.91529,SWIRE3_J033004.73-285453.4,52.51973,-28.91485,23.46,0.8,26.67,1.07,51.44,4.92,,,1,,
1685,RGZ_J033004.6-273208,ARG0003rk0,52.51962,-27.53589,SWIRE3_J033004.69-273208.5,52.51957,-27.53570,56.91,1.14,48.72,1.24,72.15,5.2,159.63,5.35,1,,0.439
1699,RGZ_J033053.3-272730,ARG0003rk7,52.72191,-27.45856,,,,,,,,,,,,0,,
1713,RGZ_J033023.0-281807b,ARG0003rkc,52.59644,-28.30244,SWIRE3_J033023.03-281807.8,52.59600,-28.30217,135.09,1.69,80.67,1.51,80.77,5.28,,,1,,0.714
1714,RGZ_J033023.8-281710,ARG0003rkc,52.59976,-28.28658,SWIRE3_J033023.84-281710.8,52.59937,-28.28634,174.26,1.82,116.03,1.87,89.09,3.96,,,1,,
1715,RGZ_J033026.1-281711,ARG0003rkc,52.60930,-28.28674,SWIRE3_J033026.17-281711.1,52.60907,-28.28643,229.13,1.74,140.83,1.88,134.46,4.36,79.41,5.09,1,,0.667
1722,RGZ_J033018.2-275919,ARG0003rkf,52.57633,-27.98901,SWIRE3_J033018.20-275919.6,52.57585,-27.98879,14.76,0.41,19.47,0.79,,,,,1,,
1723,RGZ_J033015.6-280008,ARG0003rkf,52.56532,-28.00257,SWIRE3_J033015.60-280008.3,52.56501,-28.00233,188,1.38,140.18,1.99,144.2,4.13,175.87,5.43,1,,0.159
1729,RGZ_J033203.4-285348,ARG0003rkh,53.01419,-28.89719,SWIRE3_J033203.43-285348.8,53.01432,-28.89690,10.4,0.65,27.15,0.85,83.91,5.37,269.89,4.67,1,,1.41
1760,RGZ_J032924.0-284619,ARG0003rkq,52.35034,-28.77234,SWIRE3_J032924.06-284619.1,52.35025,-28.77198,77.03,1.31,68.4,1.42,,,,,1,,
1765,RGZ_J033340.0-274301,ARG0003rkt,53.41724,-27.71742,SWIRE3_J033340.04-274301.6,53.41686,-27.71712,88.36,1.36,62.66,1.11,57.57,5.03,,,1,,
1774,RGZ_J032834.7-274726,ARG0003rkx,52.14493,-27.79085,SWIRE3_J032834.72-274726.1,52.14469,-27.79061,75.3,1.16,79.64,1.4,66.74,4.88,254.26,5.3,1,,
1775,RGZ_J032833.7-274743,ARG0003rkx,52.14068,-27.79555,SWIRE3_J032833.71-274743.9,52.14047,-27.79555,142.36,1.58,165.78,1.87,134.9,5.35,1037.9,7.28,1,,
1783,RGZ_J033305.6-272407,ARG0003rl0,53.27414,-27.40231,SWIRE3_J033305.69-272407.2,53.27375,-27.40200,87.9,0.99,57.76,0.89,43.89,3.56,,,1,,
1786,RGZ_J032735.9-274115,ARG0003rl2,51.90017,-27.68813,SWIRE3_J032735.94-274115.9,51.89979,-27.68775,3006.14,6.71,1796.41,5.69,1219.45,10.86,703.5,6.45,1,,
1787,RGZ_J032742.0-274229,ARG0003rl2,,,,,,,,,,,,,,0,,
1788,RGZ_J032738.7-274141,ARG0003rl2,51.91176,-27.69509,SWIRE3_J032738.73-274141.0,51.91139,-27.69473,113.12,1.06,130.63,1.59,90.89,3.83,400.06,5.19,1,,0.288
1815,RGZ_J033302.5-275645,ARG0003rlc,53.26106,-27.94616,SWIRE3_J033302.52-275645.2,53.26054,-27.94591,14.3,0.64,18.31,0.7,,,,,1,,
1816,RGZ_J033306.2-275643,ARG0003rlc,53.27678,-27.94563,SWIRE3_J033306.26-275643.6,53.27612,-27.94546,42.44,1.02,28.71,1.08,,,,,1,,
1817,RGZ_J033122.3-284706,ARG0003rld,52.84332,-28.78552,SWIRE3_J033122.34-284706.3,52.84309,-28.78510,217.91,2.13,164.6,2.04,138.14,6.04,,,1,,0.361
1818,RGZ_J033124.9-284653,ARG0003rld,52.85398,-28.78204,SWIRE3_J033124.92-284653.9,52.85384,-28.78166,21.63,0.78,28.68,1.11,,,,,1,,
1823,RGZ_J033143.3-281505,ARG0003rle,52.93116,-28.25173,SWIRE3_J033143.38-281505.2,52.93075,-28.25145,119.78,1.09,176.18,2.02,261.33,4.79,381.65,6.05,1,,1.388
1824,RGZ_J033144.6-281515,ARG0003rle,52.93653,-28.25447,SWIRE3_J033144.68-281515.4,52.93619,-28.25428,148.64,1.22,132.92,1.8,109.54,3.8,308.89,5.89,1,,0.622
1858,RGZ_J033202.8-275613,ARG0003rlp,53.01233,-27.93732,SWIRE3_J033202.82-275613.3,53.01176,-27.93705,18.92,0.76,20.26,1,,,,,1,,
1870,RGZ_J033109.8-275225,ARG0003rlt,52.79097,-27.87415,SWIRE3_J033109.80-275225.3,52.79084,-27.87372,39.09,0.97,36.44,1.14,,,,,1,,1.301
1871,RGZ_J033111.4-275256,ARG0003rlt,52.79826,-27.88290,SWIRE3_J033111.47-275256.4,52.79782,-27.88235,126.69,1.68,111.98,1.31,,,,,1,,0.253
1893,RGZ_J033134.3-280721,ARG0003rm1,52.89294,-28.12299,SWIRE3_J033134.30-280721.0,52.89294,-28.12251,69.92,1.27,61.56,1.34,63.21,5.1,52.69,5.01,1,,0.479
1894,RGZ_J033138.2-280810,ARG0003rm1,52.90978,-28.13661,SWIRE3_J033138.27-280810.7,52.90946,-28.13633,113.74,1.57,72.77,1.29,64.23,5.09,48.18,4.27,1,,0.828
1925,RGZ_J033353.9-275548,ARG0003rme,53.47486,-27.93060,SWIRE3_J033353.93-275548.7,53.47473,-27.93022,85.24,1.33,105.95,1.63,102.36,5.4,120.17,5.22,1,,
1986,RGZ_J033102.5-272636,ARG0003rmy,52.76106,-27.44380,SWIRE3_J033102.59-272636.6,52.76080,-27.44350,16.24,0.72,17.4,0.96,,,,,1,,
1987,RGZ_J033100.0-272653,ARG0003rmy,52.75043,-27.44878,SWIRE3_J033100.01-272653.9,52.75005,-27.44832,93.01,1.42,72.2,1.42,,,,,1,,
1988,RGZ_J033059.6-272607,ARG0003rmy,52.74899,-27.43582,SWIRE3_J033059.67-272607.8,52.74863,-27.43550,59.89,1.15,73.45,1.4,61.7,5.12,,,1,,
1991,RGZ_J033034.6-284117b,ARG0003rn0,52.64441,-28.68841,SWIRE3_J033034.64-284117.3,52.64434,-28.68816,213.02,2.08,164.74,2,98.54,5.59,44.68,5.18,1,,0.432
1992,RGZ_J033038.3-284210a,ARG0003rn0,52.66023,-28.70325,SWIRE3_J033038.39-284210.9,52.66000,-28.70303,32.01,0.74,41.33,1.19,47.93,4.09,,,1,,1.523
2017,RGZ_J032722.1-272521,ARG0003rn8,51.84273,-27.42295,SWIRE3_J032722.14-272521.1,51.84229,-27.42253,20.52,0.66,33.8,0.99,69.22,4.26,115.73,4.84,1,,
2056,RGZ_J033330.3-282345,ARG0003rnm,53.37692,-28.39639,SWIRE3_J033330.39-282345.5,53.37664,-28.39598,24.24,0.83,28.75,0.77,,,,,1,,
2058,RGZ_J033217.6-285231,ARG0003rnn,53.07381,-28.87577,SWIRE3_J033217.65-285231.8,53.07355,-28.87552,62.52,1.02,38.57,1.16,,,,,1,,0.845
2059,RGZ_J033215.6-285148,ARG0003rnn,53.06528,-28.86357,SWIRE3_J033215.64-285148.0,53.06520,-28.86335,98.51,0.88,75.96,1.02,66.84,3.52,62.45,3.6,1,,0.426
2133,RGZ_J032912.5-274715,ARG0003roe,52.30246,-27.78786,SWIRE3_J032912.50-274715.0,52.30210,-27.78750,96.44,1.42,68.8,1.39,75.47,5.13,95.63,5.17,1,,0.905
2134,RGZ_J032910.6-274741,ARG0003roe,52.29457,-27.79523,SWIRE3_J032910.62-274741.0,52.29427,-27.79473,28.57,0.87,31.96,1.1,,,,,1,,
2135,RGZ_J032913.5-274742,ARG0003roe,52.30685,-27.79551,SWIRE3_J032913.56-274742.4,52.30652,-27.79512,17.29,0.72,25.09,1.04,,,,,1,,
2136,RGZ_J032917.0-274819,ARG0003roe,52.32133,-27.80588,SWIRE3_J032917.04-274819.2,52.32101,-27.80536,26.05,0.85,31.22,1.1,,,,,1,,
2147,RGZ_J032701.3-283738,ARG0003roi,51.75612,-28.62760,SWIRE3_J032701.37-283738.3,51.75571,-28.62733,278.57,2.16,376.08,2.71,553.27,8.08,896.1,6.96,1,,
2148,RGZ_J032659.7-283644,ARG0003roi,51.74947,-28.61254,SWIRE3_J032659.79-283644.2,51.74915,-28.61229,69.97,1.18,52.27,1.25,61.81,4.49,,,1,,
2149,RGZ_J032655.7-283553,ARG0003roi,51.73264,-28.59832,SWIRE3_J032655.73-283553.4,51.73221,-28.59819,57.96,0.68,53.15,0.89,43.42,3.05,41.88,3.29,1,,
2214,RGZ_J032707.5-282255,ARG0003rp3,51.78119,-28.38207,,,,,,,,,,,,0,,
2215,RGZ_J032712.7-282258,ARG0003rp3,51.80367,-28.38315,SWIRE3_J032712.79-282258.5,51.80331,-28.38292,158.95,1.68,120.12,1.69,141.81,5.54,143.21,5,1,,
2216,RGZ_J032710.9-282249,ARG0003rp3,51.79567,-28.38074,SWIRE3_J032710.91-282249.6,51.79546,-28.38045,199.94,1.92,187.82,2.09,124.94,4.45,576.55,6.39,1,,
2224,RGZ_J033549.6-272908,ARG0003rp6,53.95752,-27.48626,SWIRE3_J033549.65-272908.7,53.95690,-27.48576,26.63,0.82,22.97,1,,,,,1,,
2225,RGZ_J033053.3-283115,ARG0003rp7,52.72255,-28.52108,SWIRE3_J033053.31-283115.1,52.72214,-28.52087,31.91,0.69,34.63,1.14,43.95,4.01,,,1,,1.388
2226,RGZ_J033050.9-283115,ARG0003rp7,52.71243,-28.52106,SWIRE3_J033050.91-283115.1,52.71215,-28.52088,39.52,0.72,51,1.27,78.77,4.26,,,1,,1.767
2235,RGZ_J033139.1-272311,ARG0003rpb,52.91339,-27.38660,SWIRE3_J033139.11-272311.3,52.91296,-27.38649,23.49,0.68,23.57,1.03,,,,,1,,
2236,RGZ_J032659.1-285129,ARG0003rpc,51.74633,-28.85827,SWIRE3_J032659.11-285129.7,51.74630,-28.85825,66.68,1.13,47.51,1.19,,,,,1,,
2280,RGZ_J032910.2-274127,ARG0003rpq,52.29309,-27.69128,SWIRE3_J032910.29-274127.9,52.29290,-27.69110,153.06,1.75,125.62,1.33,116.72,5.64,140.97,4.03,1,,0.472
2281,RGZ_J032907.4-274136,ARG0003rpq,52.28103,-27.69402,SWIRE3_J032907.40-274136.6,52.28085,-27.69351,217.08,2.22,228.46,1.63,165.75,6.02,640.35,4.99,1,,0.426
2282,RGZ_J032906.5-274156,ARG0003rpq,52.27745,-27.69933,SWIRE3_J032906.53-274156.7,52.27725,-27.69911,29.84,0.9,35.29,0.8,53.51,5.03,40.31,3.37,1,,
2365,RGZ_J033335.2-274550,ARG0003rqj,53.39704,-27.76421,SWIRE3_J033335.21-274550.1,53.39674,-27.76394,268.93,2.47,234.97,2.38,165.91,6.1,679.45,7.26,1,,
2366,RGZ_J033333.1-274602,ARG0003rqj,53.38820,-27.76752,SWIRE3_J033333.11-274602.1,53.38800,-27.76726,65.85,1.22,41.33,1.2,45.62,5,,,1,,
2387,RGZ_J033313.1-274930,ARG0003rqp,53.30496,-27.82523,SWIRE3_J033313.10-274930.4,53.30460,-27.82512,36.07,0.77,45.16,1.23,38.06,3.66,,,1,,
2390,RGZ_J033316.5-275039,ARG0003rqp,53.31887,-27.84447,SWIRE3_J033316.52-275039.7,53.31886,-27.84438,543.85,3.33,391.81,3.05,459.19,8.87,2670.32,11.6,1,,
2405,RGZ_J032953.7-273658,ARG0003rqv,52.47368,-27.61549,SWIRE3_J032953.70-273658.6,52.47379,-27.61628,149.76,1.8,145.84,1.96,121.38,5.61,621.71,7.07,1,,0.374
2408,RGZ_J033433.8-283625,ARG0003rqx,53.64140,-28.60723,SWIRE3_J033433.83-283625.5,53.64096,-28.60710,330.54,2.59,240.57,2.42,153.99,5.9,104.43,5.35,1,,0.143
2409,RGZ_J033435.4-283631,ARG0003rqx,53.64824,-28.60900,SWIRE3_J033435.49-283631.6,53.64790,-28.60879,283.46,2.42,410.6,2.95,592.96,8.84,816.01,7.27,1,,2.715
2426,RGZ_J033132.5-281054,ARG0003rr3,52.88578,-28.18215,SWIRE3_J033132.52-281054.5,52.88550,-28.18183,249.93,2.27,230.55,2.07,179.68,5.95,1055.32,7.31,1,,0.18
2427,RGZ_J033128.9-281025,ARG0003rr3,52.87051,-28.17388,SWIRE3_J033128.92-281025.0,52.87052,-28.17362,87.16,0.95,71.72,1.4,52.02,3.79,86.61,5.09,1,,1.061
2447,RGZ_J032702.3-284453,ARG0003rr8,51.76008,-28.74865,SWIRE3_J032702.33-284453.6,51.75971,-28.74825,99.88,1.36,127.59,1.71,90.59,5,789.1,6.8,1,,
2448,RGZ_J032705.3-284534,ARG0003rr8,51.77256,-28.75990,SWIRE3_J032705.30-284534.2,51.77210,-28.75951,77.18,0.88,65.18,1.36,46.02,3.47,,,1,,
2452,RGZ_J032938.9-273534,ARG0003rrb,,,,,,,,,,,,,,0,,
2453,RGZ_J032941.9-273459,ARG0003rrb,52.42478,-27.58349,SWIRE3_J032941.91-273459.7,52.42465,-27.58326,129.89,1.63,95.51,1.61,67.51,5.41,,,1,,0.622
2461,RGZ_J032613.9-283617,ARG0003rrd,51.55836,-28.60546,SWIRE3_J032613.93-283617.9,51.55807,-28.60499,416.93,2.75,306.23,2.15,163.01,6.14,203.3,4.2,1,,
2493,RGZ_J033137.6-272551,ARG0003rro,52.90755,-27.43111,SWIRE3_J033137.68-272551.0,52.90701,-27.43084,69.02,1.24,39.21,1.05,,,,,1,,
2518,RGZ_J033155.7-284004,ARG0003rs0,52.98255,-28.66810,SWIRE3_J033155.74-284004.0,52.98226,-28.66779,394.43,2.85,291.92,1.91,168.66,6.08,160.99,3.79,1,0.1809,0.159
2519,RGZ_J033157.4-284041,ARG0003rs0,52.98969,-28.67890,SWIRE3_J033157.45-284041.9,52.98941,-28.67833,29.99,0.67,41.7,1.09,49.57,4.53,64.47,4.62,1,,1.716
2529,RGZ_J032701.8-282949,ARG0003rs5,51.75797,-28.49717,SWIRE3_J032701.89-282949.0,51.75791,-28.49697,32.72,0.87,39.63,1.15,59.93,4.93,,,1,,
2530,RGZ_J032700.9-282851,ARG0003rs5,,,,,,,,,,,,,,0,,
2531,RGZ_J032704.3-282942,ARG0003rs5,51.76854,-28.49541,SWIRE3_J032704.36-282942.5,51.76817,-28.49516,39.07,0.91,31.58,1.08,,,,,1,,
2537,RGZ_J033243.0-281840,ARG0003rs7,53.17959,-28.31172,SWIRE3_J033243.02-281840.8,53.17926,-28.31136,99,1.42,94.93,1.11,67.98,5.02,279.97,4.1,1,,0.432
2539,RGZ_J033140.6-272939,ARG0003rs8,52.91938,-27.49454,SWIRE3_J033140.63-272939.0,52.91933,-27.49417,1363.88,5.29,1088.57,5.48,1509.48,13.35,4039.36,13.34,1,,
2545,RGZ_J032637.4-280143,ARG0003rsb,51.65629,-28.02903,SWIRE3_J032637.45-280143.2,51.65608,-28.02867,188.7,1.79,189.02,2,141.64,5.44,1112.16,7.46,1,,
2546,RGZ_J032636.5-280145,ARG0003rsb,51.65250,-28.02981,SWIRE3_J032636.56-280145.9,51.65237,-28.02944,151.51,1.6,138.64,1.76,101.52,5.06,522.39,6.08,1,,
2552,RGZ_J033023.0-281807a,ARG0003rse,52.59640,-28.30244,SWIRE3_J033023.03-281807.8,52.59600,-28.30217,135.09,1.69,80.67,1.51,80.77,5.28,,,1,,
2610,RGZ_J032620.3-283639,ARG0003rsx,51.58468,-28.61085,SWIRE3_J032620.31-283639.1,51.58466,-28.61088,11.54,0.62,13.41,0.89,,,71.91,4.87,1,,
2639,RGZ_J032756.8-272418,ARG0003rta,51.98725,-27.40549,SWIRE3_J032756.89-272418.4,51.98705,-27.40512,221.68,1.31,169.8,1.66,169.58,4.18,1105.39,6.76,1,,
2640,RGZ_J032755.9-272329,ARG0003rta,51.98325,-27.39179,SWIRE3_J032755.91-272329.8,51.98296,-27.39162,88.44,1.21,61.72,1.03,56.3,5,50.3,3.66,1,,
2675,RGZ_J032939.0-285157,ARG0003rtm,52.41320,-28.86617,SWIRE3_J032939.05-285157.9,52.41274,-28.86610,81.52,1.33,93.81,1.57,99.32,5.43,151.9,5.54,1,,0.432
2676,RGZ_J032905.2-284412,ARG0003rtn,52.27205,-28.73695,SWIRE3_J032905.26-284412.3,52.27194,-28.73676,23.23,0.82,29.18,1.1,,,,,1,,
2677,RGZ_J032902.0-284324,ARG0003rtn,52.25876,-28.72374,SWIRE3_J032902.06-284324.2,52.25860,-28.72339,122.67,1.08,122.02,1.75,98.01,3.8,347.75,6.05,1,,0.419
2678,RGZ_J032657.1-275946,ARG0003rto,51.73830,-27.99646,SWIRE3_J032657.11-275946.1,51.73798,-27.99615,48.05,0.97,47.87,1.18,,,,,1,,
2679,RGZ_J032658.3-275954,ARG0003rto,51.74357,-27.99805,SWIRE3_J032658.37-275954.2,51.74321,-27.99839,72.04,1.03,47.92,1.2,,,,,1,,
2683,RGZ_J032939.2-284403,ARG0003rtr,52.41380,-28.73482,SWIRE3_J032939.21-284403.9,52.41339,-28.73442,196.11,1.52,212.15,2.26,159.05,4.25,631.39,6.98,1,,0.459
2707,RGZ_J032906.1-282325,ARG0003ru1,52.27628,-28.39083,SWIRE3_J032906.18-282325.4,52.27579,-28.39041,63.35,1.18,47.06,1.23,,,81.58,5.17,1,,0.432
2708,RGZ_J032912.4-282420,ARG0003ru1,,,,,,,,,,,,,,0,,
2716,RGZ_J033544.2-280927,ARG0003ru4,53.93445,-28.15814,SWIRE3_J033544.28-280927.3,53.93452,-28.15760,585.93,3.42,385.45,2.64,547.59,8.97,2525.47,9.3,1,,0.076
2744,RGZ_J033553.3-272740b,ARG0003ruk,53.97238,-27.46167,SWIRE3_J033553.33-272740.4,53.97225,-27.46123,404.36,2.05,366.98,2.16,286.58,5.32,959.02,5.69,1,,
2745,RGZ_J033551.9-272652a,ARG0003ruk,53.96663,-27.44798,SWIRE3_J033551.90-272652.5,53.96629,-27.44793,34.79,0.64,26.72,0.77,,,,,1,,
2750,RGZ_J032700.2-272037,ARG0003rul,51.75172,-27.34404,SWIRE3_J032700.28-272037.6,51.75118,-27.34380,61.64,1.04,63.66,1.17,,,119.97,5.37,1,,
2751,RGZ_J032701.1-272054,ARG0003rul,,,,,,,,,,,,,,0,,
2752,RGZ_J032657.1-272205,ARG0003rul,51.73837,-27.36850,SWIRE3_J032657.11-272205.3,51.73798,-27.36816,156.03,1.66,120.87,1.05,124.8,5.37,798.12,4.49,1,,
2754,RGZ_J032700.1-272125,ARG0003rul,,,,,,,,,,,,,,0,,
2765,RGZ_J033426.5-272110,ARG0003run,53.61088,-27.35302,SWIRE3_J033426.53-272110.2,53.61055,-27.35286,50.09,1.07,41.8,1.08,57.6,5,102.09,4.72,1,,
2766,RGZ_J033430.7-272125,ARG0003run,53.62836,-27.35743,SWIRE3_J033430.77-272125.5,53.62823,-27.35710,275.7,1.75,191.02,1.5,176.88,4.46,921.5,5.21,1,,
2768,RGZ_J032643.1-274727,ARG0003ruo,51.68007,-27.79151,SWIRE3_J032643.10-274727.6,51.67960,-27.79101,40.04,0.94,38.74,1.12,,,,,1,,
2769,RGZ_J032640.5-274632,ARG0003ruo,51.66919,-27.77607,SWIRE3_J032640.52-274632.1,51.66884,-27.77561,85.52,1.25,107.9,1.57,149.24,4.93,229.82,5.28,1,,
2770,RGZ_J032644.5-274603,ARG0003ruo,51.68624,-27.76804,SWIRE3_J032644.58-274603.7,51.68576,-27.76771,203.66,1.32,286.99,2.45,576.41,5.74,1108.04,7.37,1,,
2782,RGZ_J033330.9-283453,ARG0003rup,53.37920,-28.58212,SWIRE3_J033330.91-283453.9,53.37883,-28.58164,44.79,1.02,51.35,1.27,,,,,1,,
2786,RGZ_J033305.8-272836,ARG0003rut,53.27475,-27.47716,SWIRE3_J033305.86-272836.4,53.27442,-27.47680,141.62,1.2,109.41,1.18,144.75,4.14,177.41,3.85,1,,
2819,RGZ_J032711.0-283357,ARG0003rv4,51.79591,-28.56618,SWIRE3_J032711.00-283357.3,51.79587,-28.56592,211.3,1.93,220.71,1.61,175.15,5.8,670.09,4.65,1,,
2832,RGZ_J032840.5-284933,ARG0003rv8,52.16936,-28.82608,SWIRE3_J032840.53-284933.6,52.16890,-28.82602,193.98,2.02,123.47,1.62,85.97,5.56,48.75,4.48,1,,0.69
2851,RGZ_J033441.5-283846,ARG0003rvf,53.67333,-28.64689,SWIRE3_J033441.53-283846.9,53.67308,-28.64638,186.77,1.62,183.1,2.05,157.79,5.28,459.85,6.34,1,,0.426
2870,RGZ_J033541.2-283414,ARG0003rvo,53.92214,-28.57093,SWIRE3_J033541.23-283414.0,53.92181,-28.57056,597.87,3.12,776.96,4.05,1070.4,8.85,1554.97,8.96,1,,0.265
2871,RGZ_J033542.9-283348,ARG0003rvo,53.92907,-28.56395,SWIRE3_J033542.90-283348.8,53.92879,-28.56357,92.98,1.14,107.08,1.69,104.2,4.8,193.77,5.74,1,,1.466
2878,RGZ_J033055.0-285405,ARG0003rvr,52.72971,-28.90195,SWIRE3_J033055.05-285405.4,52.72941,-28.90151,83.48,0.93,55.75,0.93,47.37,3.55,30.02,3.55,1,,0.845
2879,RGZ_J033050.9-285310,ARG0003rvr,52.71255,-28.88651,SWIRE3_J033050.97-285310.3,52.71238,-28.88620,146.18,1.26,152.43,1.4,102.21,3.85,709.43,5.09,1,,0.236
2899,RGZ_J033136.5-273126,ARG0003rvu,52.90255,-27.52440,SWIRE3_J033136.55-273126.7,52.90231,-27.52410,21.51,0.78,32.21,1.11,,,145.52,5.34,1,,
2900,RGZ_J033140.4-273101,ARG0003rvu,52.91855,-27.51733,SWIRE3_J033140.41-273101.0,52.91838,-27.51696,86.2,1.36,66.6,1.37,82.29,5.17,43.26,5.17,1,,
2908,RGZ_J033430.3-284953,ARG0003rvx,53.62645,-28.83198,SWIRE3_J033430.30-284953.8,53.62629,-28.83163,128.23,1.6,87.06,1.55,108.88,5.72,80.18,5.07,1,,0.854
2909,RGZ_J033428.6-284913,ARG0003rvx,53.61938,-28.82061,SWIRE3_J033428.61-284913.2,53.61923,-28.82034,29.65,0.96,31.85,1.12,,,,,1,,
2923,RGZ_J033358.0-285118,ARG0003rw7,53.49235,-28.85541,SWIRE3_J033358.09-285118.7,53.49206,-28.85521,31.19,0.9,32.64,1.12,,,,,1,,
2924,RGZ_J033440.1-282012,ARG0003rw6,53.66766,-28.33706,SWIRE3_J033440.18-282012.3,53.66743,-28.33676,204.72,2.01,213.26,2.22,156.85,5.91,662.03,7.02,1,,0.213
2925,RGZ_J033443.4-282038,ARG0003rw6,53.68115,-28.34429,SWIRE3_J033443.40-282038.2,53.68087,-28.34395,151.6,1.74,157.31,1.93,216.38,7.17,286.23,5.81,1,,0.57
2959,RGZ_J032916.2-284327,ARG0003rwg,52.31793,-28.72467,SWIRE3_J032916.24-284327.6,52.31767,-28.72435,13.6,0.36,22.05,0.73,,,49.98,3.57,1,,
2960,RGZ_J032912.3-284333,ARG0003rwg,52.30082,-28.72578,SWIRE3_J032912.35-284333.2,52.30146,-28.72590,24.01,0.49,19.12,0.88,,,,,1,,1.118
2966,RGZ_J032631.7-280535,ARG0003rwh,,,,,,,,,,,,,,0,,
2967,RGZ_J032627.7-280552,ARG0003rwh,51.61577,-28.09812,SWIRE3_J032627.72-280552.4,51.61554,-28.09790,60.94,1.06,43.77,1.03,,,,,1,,
2968,RGZ_J033340.9-283846,ARG0003rwm,,,,,,,,,,,,,,0,,
2969,RGZ_J033337.0-283827,ARG0003rwm,53.40445,-28.64155,SWIRE3_J033337.00-283827.7,53.40420,-28.64104,25.34,0.74,29.67,1.07,,,,,1,,
2970,RGZ_J032617.4-284159,ARG0003rwl,51.57310,-28.70027,SWIRE3_J032617.49-284159.8,51.57291,-28.69997,244.62,2.15,168.8,1.54,207.92,6.12,833.08,5.5,1,,
2971,RGZ_J032614.7-284206,ARG0003rwl,51.56164,-28.70201,SWIRE3_J032614.72-284206.1,51.56136,-28.70172,106.18,1.39,76.06,1.14,81.76,4.97,130.52,3.86,1,,
2982,RGZ_J033009.2-273407,ARG0003rwq,52.53916,-27.56922,SWIRE3_J033009.27-273407.4,52.53866,-27.56874,26.43,0.85,27.8,1.07,,,,,1,,
2996,RGZ_J033132.8-280116,ARG0003rwy,52.88648,-28.02128,SWIRE3_J033132.82-280116.3,52.88678,-28.02121,408.82,2.67,330.56,2.74,271.77,6.63,2098.59,10.31,1,,0.164
3018,RGZ_J032714.1-285047,ARG0003rx7,51.80917,-28.84696,SWIRE3_J032714.16-285047.8,51.80903,-28.84663,58.9,0.81,75.11,1.41,60.23,3.63,52.1,4.74,1,,
3019,RGZ_J032713.3-285203,ARG0003rx7,51.80557,-28.86799,SWIRE3_J032713.30-285203.9,51.80543,-28.86775,125.22,1.5,80.33,1.44,59.17,4.73,,,1,,0.637
3020,RGZ_J032712.6-285103,ARG0003rx7,51.80295,-28.85130,SWIRE3_J032712.67-285103.7,51.80280,-28.85104,56.04,1.07,82.4,1.44,82.17,4.44,81.49,4.99,1,,
3024,RGZ_J033113.5-275523,ARG0003rx8,52.80689,-27.92344,SWIRE3_J033113.56-275523.1,52.80650,-27.92310,64.03,1.21,68.39,1.48,55.38,5.03,,,1,,
3036,RGZ_J033543.6-275712,ARG0003rxf,53.93211,-27.95367,SWIRE3_J033543.63-275712.0,53.93180,-27.95335,311.06,1.96,225.07,2.27,262.73,5.89,1909.84,9.71,1,,0.091
3037,RGZ_J033540.9-275737,ARG0003rxf,53.92104,-27.96071,SWIRE3_J033540.99-275737.3,53.92082,-27.96038,26.44,0.62,20.36,0.98,,,,,1,,1.259
3101,RGZ_J032639.5-272117,ARG0003ry1,51.66445,-27.35493,,,,,,,,,,,,0,,
3113,RGZ_J032821.0-282055,ARG0003ry5,52.08811,-28.34888,SWIRE3_J032821.06-282055.2,52.08777,-28.34869,201.04,1.82,331.38,2.09,613.85,8.38,1035.23,5.9,1,,0.472
3258,RGZ_J033128.9-280705,ARG0003rzg,52.87080,-28.11867,SWIRE3_J033128.95-280705.4,52.87063,-28.11819,51.44,1.08,47.97,1.23,43.59,4.84,54.05,5.01,1,,1.249
3259,RGZ_J033128.2-280708,ARG0003rzg,52.86793,-28.11960,SWIRE3_J033128.26-280708.2,52.86779,-28.11897,47.38,1.08,44.42,1.21,,,,,1,,
3264,RGZ_J033029.7-283842,ARG0003rzh,52.62410,-28.64572,SWIRE3_J033029.72-283842.8,52.62384,-28.64523,112.38,1.51,77.35,1.47,102.01,5.39,93.18,5.25,1,,0.95
3265,RGZ_J033030.5-283918,ARG0003rzh,,,,,,,,,,,,,,0,,
3266,RGZ_J033028.6-283939,ARG0003rzh,52.61948,-28.66130,SWIRE3_J033028.63-283939.3,52.61933,-28.66093,47.37,1.05,55.75,1.31,,,,,1,,0.535
3277,RGZ_J033407.4-273703,ARG0003rzp,53.53113,-27.61772,SWIRE3_J033407.44-273703.2,53.53103,-27.61756,26.09,0.83,37.12,1.14,61.87,5,92.96,5.14,1,,
3284,RGZ_J033239.4-275301,ARG0003rzo,53.16492,-27.88395,SWIRE3_J033239.45-275301.2,53.16440,-27.88369,129.65,1.14,77.45,1.45,50.42,3.65,,,1,,0.811
3285,RGZ_J033237.7-275212,ARG0003rzo,53.15770,-27.87044,SWIRE3_J033237.75-275212.6,53.15732,-27.87017,54.37,1.1,88.79,1.53,150.85,5.86,294.48,5.81,1,,
3286,RGZ_J033215.9-273438,ARG0003rzr,53.06694,-27.57772,SWIRE3_J033215.94-273438.3,53.06643,-27.57731,37.24,0.95,25.15,1.05,,,,,1,,1.061
3287,RGZ_J033211.6-273413,ARG0003rzr,53.04904,-27.57072,SWIRE3_J033211.69-273413.4,53.04873,-27.57041,51.92,1.11,43.07,1.21,,,42.67,5,1,,1.148
3328,RGZ_J033447.8-282010,ARG0003s05,53.69972,-28.33645,SWIRE3_J033447.89-282010.3,53.69955,-28.33622,30.27,0.78,34.25,1.15,,,,,1,,
3334,RGZ_J033127.8-281027,ARG0003s08,,,,,,,,,,,,,,0,,
3367,RGZ_J032806.0-283057,ARG0003s0h,52.02568,-28.51631,SWIRE3_J032806.08-283057.7,52.02536,-28.51604,86.85,1.26,59.77,1.29,71.46,4.97,81.58,5.02,1,,0.932
3368,RGZ_J033055.8-280619,ARG0003s0m,52.73290,-28.10545,SWIRE3_J033055.83-280619.0,52.73264,-28.10528,377.96,1.98,259.96,1.4,293.13,5.14,1576.29,5.24,1,,0.067
3402,RGZ_J033314.5-281407,ARG0003s0z,53.31101,-28.23564,SWIRE3_J033314.54-281407.1,53.31061,-28.23533,38.42,0.97,33.57,1.13,,,,,1,,0.271
3403,RGZ_J033313.6-281313,ARG0003s0z,,,,,,,,,,,,,,0,,
3404,RGZ_J033319.0-281432,ARG0003s0z,53.32934,-28.24267,SWIRE3_J033319.00-281432.8,53.32918,-28.24245,789.67,4.08,574.93,3.22,569.36,9.09,3457.12,11.69,1,,0.117
3463,RGZ_J033033.2-283709,ARG0003s1c,52.63897,-28.61960,SWIRE3_J033033.27-283709.9,52.63866,-28.61943,122.06,1.59,92.71,1.57,108.01,5.45,142.3,5.31,1,,0.932
3464,RGZ_J033036.1-283759,ARG0003s1c,,,,,,,,,,,,,,0,,
3478,RGZ_J033026.6-284452,ARG0003s1p,52.61129,-28.74804,SWIRE3_J033026.68-284452.1,52.61120,-28.74782,29.32,0.62,36.64,1.16,34.82,3.39,60.58,5.03,1,,1.559
3482,RGZ_J033227.1-282753,ARG0003s1j,53.11297,-28.46481,,,,,,,,,,,,0,,
3499,RGZ_J032706.1-283102,ARG0003s1y,51.77604,-28.51774,SWIRE3_J032706.18-283102.3,51.77576,-28.51731,115.75,1.42,128.61,1.7,109.8,5.17,719,6.56,1,,
3505,RGZ_J033354.9-284103,ARG0003s1s,53.47935,-28.68474,SWIRE3_J033354.94-284103.6,53.47894,-28.68435,37.14,0.9,26.24,1.04,,,,,1,,0.845
3506,RGZ_J033342.4-281923,ARG0003s1t,53.42702,-28.32350,SWIRE3_J033342.46-281923.7,53.42694,-28.32327,145.41,1.74,140.38,1.87,113.51,5.51,590.09,6.79,1,,0.091
3539,RGZ_J033030.8-284213,ARG0003s26,52.62865,-28.70416,SWIRE3_J033030.87-284213.7,52.62865,-28.70382,130.43,1.66,137.84,1.41,102.7,5.49,84.19,4.08,1,,1.333
3540,RGZ_J033034.6-284117a,ARG0003s26,52.64437,-28.68841,SWIRE3_J033034.64-284117.3,52.64434,-28.68816,213.02,2.08,164.74,2,98.54,5.59,44.68,5.18,1,,
3541,RGZ_J033038.3-284210b,ARG0003s26,52.66027,-28.70332,SWIRE3_J033038.39-284210.9,52.66000,-28.70303,32.01,0.74,41.33,1.19,47.93,4.09,,,1,,
3544,RGZ_J033209.1-285501,ARG0003s27,53.03841,-28.91730,SWIRE3_J033209.17-285501.5,53.03821,-28.91711,100.41,1.45,101.38,1.61,158.16,5.83,214.14,5.54,1,,0.698
3555,RGZ_J032710.0-283245,ARG0003s2a,51.79254,-28.54636,SWIRE3_J032710.09-283245.6,51.79208,-28.54601,144.71,1.62,83.61,1.49,74.36,5.09,,,1,,
3587,RGZ_J032824.9-282722,ARG0003s2f,52.10389,-28.45650,SWIRE3_J032824.90-282722.2,52.10378,-28.45619,40.06,0.74,41.64,0.8,54.77,3.9,56.05,3.42,1,,
3588,RGZ_J032826.5-282728,ARG0003s2f,52.11093,-28.45827,SWIRE3_J032826.54-282728.9,52.11062,-28.45803,90.88,1.29,64.68,1.32,77.62,5.17,89.99,4.99,1,,0.795
3620,RGZ_J033041.1-282725,ARG0003s3i,,,,,,,,,,,,,,0,,
3629,RGZ_J033428.5-280936,ARG0003s3n,53.61903,-28.16067,SWIRE3_J033428.51-280936.6,53.61881,-28.16017,17.49,0.56,21.3,1.01,,,,,1,,
3630,RGZ_J033426.2-280942,ARG0003s3n,53.60974,-28.16225,SWIRE3_J033426.27-280942.7,53.60948,-28.16187,34.21,0.68,38.39,1.17,,,,,1,,
3633,RGZ_J033505.9-284552,ARG0003s38,53.77478,-28.76491,SWIRE3_J033505.91-284552.7,53.77465,-28.76465,245.07,2.28,184.34,2.18,170.07,6.14,758.61,7.55,1,,0.091
3634,RGZ_J033503.6-284626,ARG0003s38,53.76557,-28.77456,SWIRE3_J033503.69-284626.7,53.76540,-28.77411,64.05,1.19,70.46,1.43,93.6,5.4,104.77,5.2,1,,1.489
3688,RGZ_J033000.7-284224,ARG0003s49,52.50331,-28.70705,SWIRE3_J033000.72-284224.4,52.50303,-28.70678,172.76,2.15,117.66,1.88,164.34,6.19,916.33,7.98,1,,0.127
3689,RGZ_J033003.3-284256,ARG0003s49,,,,,,,,,,,,,,0,,
3719,RGZ_J033523.1-272645,ARG0003s4l,53.84668,-27.44618,SWIRE3_J033523.13-272645.2,53.84640,-27.44591,153.91,1.84,122.93,1.73,120.31,5.61,78,5.36,1,,
3720,RGZ_J033524.5-272559,ARG0003s4l,53.85244,-27.43349,SWIRE3_J033524.50-272559.0,53.85212,-27.43307,14.97,0.67,24.72,1.05,,,,,1,,
3721,RGZ_J033522.8-272518,ARG0003s4l,,,,,,,,,,,,,,0,,
3739,RGZ_J033051.1-281237,ARG0003s4v,52.71359,-28.21071,SWIRE3_J033051.18-281237.5,52.71329,-28.21044,72.97,0.96,75.1,1.49,50.66,4.03,320.94,5.94,1,,0.253
3762,RGZ_J033446.3-275803,ARG0003s41,53.69367,-27.96779,SWIRE3_J033446.36-275803.0,53.69319,-27.96751,11.07,0.64,12.23,0.7,,,,,1,,
3828,RGZ_J033420.2-273404,ARG0003s54,53.58475,-27.56823,SWIRE3_J033420.22-273404.3,53.58427,-27.56787,134.17,1.66,87.06,1.55,44.41,4.99,,,1,,
3829,RGZ_J033424.2-273455,ARG0003s54,53.60106,-27.58237,SWIRE3_J033424.22-273455.3,53.60093,-27.58204,566.61,3.34,414.76,2.7,316.25,7.29,1073.12,7.47,1,,
3830,RGZ_J033035.1-280337a,ARG0003s5p,52.64634,-28.06043,SWIRE3_J033035.11-280337.0,52.64632,-28.06029,482.29,2.25,354.26,2.34,405.46,6.43,3500.17,10.56,1,,
3835,RGZ_J033325.0-283202,ARG0003s4n,53.35497,-28.53449,SWIRE3_J033325.09-283202.9,53.35458,-28.53414,13.23,0.67,14.39,0.93,,,,,1,,
3857,RGZ_J033550.7-280047,ARG0003s5z,53.96141,-28.01365,SWIRE3_J033550.70-280047.9,53.96129,-28.01332,17.94,0.76,23.19,1.01,,,,,1,,
3858,RGZ_J033549.1-275958,ARG0003s5z,,,,,,,,,,,,,,0,,
3868,RGZ_J032813.7-274859,ARG0003s50,52.05767,-27.81675,SWIRE3_J032813.79-274859.2,52.05748,-27.81647,39.71,0.9,30.88,1.04,,,,,1,,
3869,RGZ_J032812.0-274832,ARG0003s50,52.05028,-27.80923,SWIRE3_J032812.03-274832.5,52.05013,-27.80903,13,0.62,16.5,0.9,,,,,1,,
3870,RGZ_J032812.9-274806,ARG0003s50,52.05419,-27.80193,SWIRE3_J032812.96-274806.1,52.05401,-27.80172,43.45,0.82,26.34,1,,,,,1,,
3897,RGZ_J033519.4-282611,ARG0003s5s,53.83118,-28.43701,SWIRE3_J033519.41-282611.3,53.83090,-28.43648,104.64,1.48,80.29,1.05,58.43,5.13,,,1,,0.374
3898,RGZ_J032900.2-273756,ARG0003s6e,,,,,,,,,,,,,,0,,
3906,RGZ_J032852.6-283248,ARG0003s5v,52.21914,-28.54739,SWIRE3_J032852.60-283248.5,52.21918,-28.54683,29.37,0.89,30.58,1.11,,,,,1,,0.95
3951,RGZ_J032914.8-272320,ARG0003s6c,,,,,,,,,,,,,,0,,
3952,RGZ_J032912.2-272237,ARG0003s6c,52.30153,-27.37734,SWIRE3_J032912.29-272237.3,52.30124,-27.37703,226.59,1.8,264.53,2.36,329.79,5.91,783.87,7.07,1,,
3968,RGZ_J032806.2-275241,ARG0003s6j,52.02599,-27.87844,SWIRE3_J032806.23-275241.3,52.02599,-27.87815,77.51,0.97,58.59,1.27,52.68,3.6,91.39,4.83,1,,0.706
3969,RGZ_J032809.5-275158,ARG0003s6j,,,,,,,,,,,,,,0,,
4012,RGZ_J033421.4-281050,ARG0003s7k,53.58953,-28.18083,SWIRE3_J033421.46-281050.5,53.58943,-28.18072,64.48,1.2,93.38,1.77,146.33,5.92,202.87,5.57,1,,
4054,RGZ_J032715.3-273739,ARG0003s7h,51.81435,-27.62774,SWIRE3_J032715.39-273739.9,51.81414,-27.62777,50.57,0.88,43.74,1.14,36.79,3.92,82.63,4.77,1,,
4065,RGZ_J033204.5-285022,ARG0003s72,53.01920,-28.83983,SWIRE3_J033204.59-285022.4,53.01916,-28.83958,24.31,0.82,28.83,1.09,,,,,1,,
4077,RGZ_J032713.1-283506,ARG0003s7p,51.80502,-28.58550,SWIRE3_J032713.18-283506.0,51.80492,-28.58500,69.85,1.14,57.96,1.25,,,133.19,4.91,1,,
4078,RGZ_J032717.2-283512,ARG0003s7p,51.82193,-28.58703,SWIRE3_J032717.21-283512.0,51.82171,-28.58668,86.91,0.89,60.99,0.94,66.02,3.5,63.39,3.49,1,,1.249
4079,RGZ_J032718.9-283541,ARG0003s7p,51.82922,-28.59460,SWIRE3_J032718.97-283541.8,51.82908,-28.59497,147.11,1.61,122.94,1.7,92.74,5.09,119.5,4.95,1,,0.208
4083,RGZ_J033214.0-281832,ARG0003s89,53.05858,-28.30952,SWIRE3_J033214.04-281832.2,53.05852,-28.30895,41.37,0.99,47.16,1.18,,,144.39,4.92,1,,0.253
4098,RGZ_J033110.9-275810,ARG0003s7c,52.79591,-27.96989,SWIRE3_J033110.94-275810.5,52.79559,-27.96961,81.23,1.33,70.07,1.25,54.24,5.02,46.47,4.5,1,,1.188
4099,RGZ_J033112.5-275718,ARG0003s7c,52.80266,-27.95543,SWIRE3_J033112.58-275718.1,52.80242,-27.95504,32.09,0.9,40.18,1.18,,,,,1,,
4133,RGZ_J033216.6-280423,ARG0003s8b,53.06978,-28.07382,SWIRE3_J033216.67-280423.7,53.06947,-28.07325,61.35,0.9,51.61,0.79,42.36,3.77,54.5,2.95,1,,0.667
4134,RGZ_J033215.8-280347,ARG0003s8b,53.06645,-28.06368,SWIRE3_J033215.88-280347.5,53.06617,-28.06322,132.21,1.18,106.75,1.17,104.26,3.94,145.77,3.69,1,,0.406
4147,RGZ_J032654.0-285248,ARG0003s8x,51.72536,-28.88052,SWIRE3_J032654.00-285248.1,51.72503,-28.88004,11.62,0.56,18.29,0.95,,,,,1,,
4168,RGZ_J032736.9-280547,ARG0003s8l,51.90440,-28.09699,SWIRE3_J032736.96-280547.7,51.90403,-28.09660,62.51,0.76,40.53,1.13,46.31,3.3,,,1,,0.905
4169,RGZ_J032738.8-280451,ARG0003s8l,51.91190,-28.08099,SWIRE3_J032738.85-280451.4,51.91191,-28.08096,167.69,1.7,148.79,1.82,95.99,5.07,511.54,6.08,1,,0.426
4175,RGZ_J032728.8-284119,ARG0003s82,51.87062,-28.68880,SWIRE3_J032728.85-284119.7,51.87024,-28.68881,296.04,1.85,238.63,2.28,174.45,5.16,1239.21,7.9,1,0.1784,0.117
4181,RGZ_J033549.6-284757,ARG0003s99,53.95731,-28.79971,SWIRE3_J033549.69-284757.7,53.95706,-28.79937,41.65,0.7,30.84,1.01,,,,,1,,0.986
4182,RGZ_J033352.6-283520,ARG0003s9b,53.46945,-28.58910,SWIRE3_J033352.61-283520.2,53.46922,-28.58896,53.6,1.08,34.4,1.15,,,,,1,,1.042
4186,RGZ_J033447.8-283539,ARG0003s8r,53.69967,-28.59457,SWIRE3_J033447.86-283539.4,53.69942,-28.59429,54.12,1.1,39.08,1.22,,,51.4,5.02,1,,0.879
4187,RGZ_J033446.0-283523,ARG0003s8r,53.69205,-28.59014,SWIRE3_J033446.03-283523.5,53.69183,-28.58988,47.69,0.9,50.44,1.02,,,,,1,,0.507
4193,RGZ_J032722.1-283550,ARG0003s8u,,,,,,,,,,,,,,0,,
4230,RGZ_J033107.6-271918,ARG0003s9p,,,,,,,,,,,,,,0,,
4285,RGZ_J033302.1-284032,ARG0003sa9,53.25913,-28.67582,SWIRE3_J033302.14-284032.2,53.25895,-28.67562,152.19,1.83,115.51,1.73,117.34,5.54,102.39,5.28,1,,0.493
4286,RGZ_J033305.3-284114,ARG0003sa9,53.27276,-28.68766,SWIRE3_J033305.37-284114.6,53.27240,-28.68739,70.12,1.23,47.37,1.01,,,,,1,,0.828
4287,RGZ_J033301.4-284054,ARG0003sa9,53.25625,-28.68196,SWIRE3_J033301.45-284054.1,53.25606,-28.68172,117.63,1.6,106.01,1.71,52.56,4.98,175.88,5.52,1,,0.186
4288,RGZ_J033303.2-284020,ARG0003sa9,53.26391,-28.67254,SWIRE3_J033303.28-284020.1,53.26369,-28.67227,111.65,1.53,105.24,1.65,90.64,5.26,624.49,6.94,1,,0.259
4367,RGZ_J032854.3-280014,ARG0003say,52.22662,-28.00440,SWIRE3_J032854.37-280014.9,52.22656,-28.00415,74.03,1.26,68.32,1.29,60.23,5.07,46.28,4.45,1,,0.563
4385,RGZ_J033109.6-281118,ARG0003sal,52.79071,-28.18871,SWIRE3_J033109.67-281118.3,52.79032,-28.18844,61.03,0.81,67.39,0.98,54.29,3.46,62.2,3.61,1,,1.168
4394,RGZ_J032900.4-280103,ARG0003s9l,52.25237,-28.01802,SWIRE3_J032900.43-280103.1,52.25180,-28.01754,70.1,1.24,54.53,1.31,53.34,5.05,,,1,,0.923
4395,RGZ_J032857.4-280156,ARG0003s9l,52.23957,-28.03287,SWIRE3_J032857.44-280156.4,52.23934,-28.03235,78.69,1.15,72.04,1.07,47.45,4.04,52.3,3.91,1,,1.432
4408,RGZ_J033409.9-275212,ARG0003sau,53.54166,-27.87039,SWIRE3_J033409.97-275212.4,53.54155,-27.87013,19.46,0.78,22.81,1.04,,,75.55,5.41,1,,
4411,RGZ_J033340.2-274141,ARG0003sac,53.41844,-27.69515,SWIRE3_J033340.28-274141.2,53.41787,-27.69479,38.67,0.97,26.86,1.06,,,,,1,,
4412,RGZ_J033336.6-274224,ARG0003sac,53.40297,-27.70726,SWIRE3_J033336.66-274224.1,53.40279,-27.70672,31.82,0.9,27.52,0.76,57.55,5.16,36.34,3.58,1,,
4431,RGZ_J033005.7-280445,ARG0003sbo,52.52423,-28.07963,SWIRE3_J033005.74-280445.3,52.52395,-28.07927,67.69,1.23,48.59,0.9,,,190.75,3.9,1,,0.042
4432,RGZ_J033002.0-280431,ARG0003sbo,52.50914,-28.07547,SWIRE3_J033002.09-280431.2,52.50875,-28.07536,18.36,0.75,23.81,0.73,,,,,1,,1.594
4433,RGZ_J033005.2-280414,ARG0003sbo,52.52240,-28.07096,SWIRE3_J033005.29-280414.7,52.52205,-28.07075,85.34,1.38,58.78,1.02,,,44.38,3.73,1,,0.932
4456,RGZ_J032825.6-282628,ARG0003sbb,52.10725,-28.44144,SWIRE3_J032825.68-282628.5,52.10702,-28.44126,16.78,0.56,16.52,0.57,,,,,1,,
4479,RGZ_J033448.9-284025,ARG0003sb1,53.70434,-28.67434,SWIRE3_J033448.96-284025.6,53.70401,-28.67379,359.31,2.78,294.33,2.71,215.8,6.5,721.79,7.31,1,0.2144,0.259
4539,RGZ_J033410.8-280333,ARG0003scn,,,,,,,,,,,,,,0,,
4540,RGZ_J033407.1-280240,ARG0003scn,,,,,,,,,,,,,,0,,
4573,RGZ_J033233.5-275228,ARG0003scf,,,,,,,,,,,,,,0,,
4575,RGZ_J033237.2-275127,ARG0003scf,53.15551,-27.85792,SWIRE3_J033237.21-275127.9,53.15508,-27.85777,88.37,1.39,74.91,1.55,51.55,4.85,,,1,,0.3
4584,RGZ_J033537.6-283723,ARG0003sd3,,,,,,,,,,,,,,0,,
4594,RGZ_J033233.9-283011,ARG0003s9t,53.14182,-28.50385,SWIRE3_J033233.97-283011.9,53.14157,-28.50333,119.47,1.55,82.08,1.5,82.28,5.22,56.83,5.23,1,,1.023
4595,RGZ_J033229.9-283041,ARG0003s9t,53.12503,-28.51218,SWIRE3_J033229.98-283041.9,53.12495,-28.51164,53.99,1.13,52.15,1.11,70.33,5.38,80.19,4.59,1,,0.614
4613,RGZ_J033452.2-283153,ARG0003sdc,,,,,,,,,,,,,,0,,
4661,RGZ_J032723.6-275908,ARG0003sd8,51.84895,-27.98620,SWIRE3_J032723.65-275908.5,51.84857,-27.98571,82.79,1.2,90.6,1.46,65.83,4.96,86.07,4.95,1,,
4662,RGZ_J032719.8-275822,ARG0003sd8,51.83280,-27.97320,SWIRE3_J032719.80-275822.0,51.83253,-27.97278,36.82,0.86,27.89,0.72,,,40.74,3.44,1,,
4668,RGZ_J032650.8-275411,ARG0003sdv,51.71199,-27.90356,SWIRE3_J032650.86-275411.0,51.71195,-27.90306,33.6,0.63,37.29,1.08,,,,,1,,
4669,RGZ_J032658.1-275414,ARG0003sdv,51.74253,-27.90425,SWIRE3_J032658.16-275414.7,51.74237,-27.90410,99.98,1.31,83.21,1.42,62.34,4.77,,,1,,
4670,RGZ_J032653.6-275445,ARG0003sdv,51.72357,-27.91287,SWIRE3_J032653.63-275445.5,51.72348,-27.91264,19.33,0.7,13.9,0.76,,,,,1,,
4696,RGZ_J032727.0-272524,ARG0003sdj,51.86277,-27.42349,SWIRE3_J032727.00-272524.1,51.86254,-27.42337,98.43,0.94,157.9,1.24,307.88,4.78,584.54,4.69,1,,
4710,RGZ_J033239.2-280310,ARG0003se7,53.16416,-28.05351,SWIRE3_J033239.28-280310.9,53.16369,-28.05305,67,1.1,67.98,1.21,,,,,1,,1.455
4711,RGZ_J033238.3-280406b,ARG0003se7,53.15980,-28.06877,SWIRE3_J033238.31-280406.1,53.15965,-28.06838,115.14,1.3,81.68,1.24,78.07,4.35,500.9,5.16,1,,0.038
4724,RGZ_J032812.9-281604,ARG0003sdt,52.05407,-28.26827,SWIRE3_J032812.92-281604.9,52.05387,-28.26805,16.44,0.67,22.67,0.95,,,,,1,,
4725,RGZ_J032814.2-281656,ARG0003sdt,52.05953,-28.28278,SWIRE3_J032814.26-281656.4,52.05945,-28.28234,151.88,1.59,97.1,1.09,86.97,5.05,55.52,3.34,1,,
4735,RGZ_J032832.0-273743,ARG0003sdw,52.13374,-27.62887,SWIRE3_J032832.02-273743.0,52.13342,-27.62862,46.33,0.95,52.25,1.22,,,79,4.98,1,,2.681
4736,RGZ_J032830.1-273618,ARG0003sdw,52.12574,-27.60556,SWIRE3_J032830.15-273618.7,52.12564,-27.60522,112.97,1.41,86.8,1.02,78.39,5.17,568.36,4.41,1,,0.253
4737,RGZ_J032829.9-273740,ARG0003sdw,52.12479,-27.62828,SWIRE3_J032829.92-273740.6,52.12469,-27.62795,14.05,0.63,22.57,0.97,,,,,1,,
4738,RGZ_J032826.5-273747,ARG0003sdw,52.11078,-27.63025,SWIRE3_J032826.56-273747.4,52.11068,-27.62986,17.98,0.67,23.31,0.98,47.45,4.6,72.83,4.96,1,,
4745,RGZ_J033115.8-272723,ARG0003sdf,52.81609,-27.45675,SWIRE3_J033115.81-272723.0,52.81590,-27.45641,168.85,1.72,162.53,1.84,123.72,5.76,748.93,6.68,1,,
4746,RGZ_J033112.3-272814,ARG0003sdf,52.80164,-27.47119,SWIRE3_J033112.35-272814.6,52.80149,-27.47073,362.43,1.97,317.36,2.05,222.06,4.67,690.97,5.31,1,,
4747,RGZ_J033111.7-272704,ARG0003sdf,52.79920,-27.45179,SWIRE3_J033111.76-272704.9,52.79901,-27.45138,121.96,1.41,91.3,1.54,99.74,4.83,109.72,5.39,1,,
4784,RGZ_J033329.0-283035,ARG0003see,53.37112,-28.50997,SWIRE3_J033329.05-283035.3,53.37108,-28.50982,120.03,1.13,126.98,1.79,77.77,5.25,325.07,5.97,1,,0.259
4815,RGZ_J033244.8-283502,ARG0003seq,53.18717,-28.58441,SWIRE3_J033244.84-283502.3,53.18687,-28.58400,64.33,0.97,48,0.89,40.12,3.69,51.16,3.54,1,,1.158
4816,RGZ_J033243.0-283418,ARG0003seq,53.17933,-28.57209,SWIRE3_J033243.09-283418.0,53.17958,-28.57168,33.55,0.52,25.79,0.74,30.32,2.49,,,1,,0.95
4834,RGZ_J032604.9-284145,ARG0003sez,51.52046,-28.69624,SWIRE3_J032604.91-284145.5,51.52047,-28.69599,27.75,0.8,32.2,0.75,,,79.03,3.35,1,,
4835,RGZ_J032609.1-284233,ARG0003sez,51.53835,-28.70971,SWIRE3_J032609.12-284233.9,51.53801,-28.70944,561.41,2.16,520.25,2.49,486.76,5.53,1750.88,6.69,1,,
4846,RGZ_J033043.4-275122,ARG0003sf2,52.68134,-27.85645,SWIRE3_J033043.46-275122.1,52.68112,-27.85616,207.92,2,284.75,2.05,458.25,8.16,727.21,5.71,1,,0.419
4847,RGZ_J033047.9-275126,ARG0003sf2,52.69992,-27.85760,SWIRE3_J033047.94-275126.3,52.69977,-27.85733,95.28,1.46,82.14,1.5,74.13,5.17,134.99,5.3,1,,0.479
4910,RGZ_J032649.7-284310,ARG0003sfp,,,,,,,,,,,,,,0,,
4939,RGZ_J033331.6-274001,ARG0003sex,53.38226,-27.66748,SWIRE3_J033331.68-274001.5,53.38203,-27.66710,118.19,1.18,90.01,1.55,76.83,4.59,53.5,5.05,1,,
4940,RGZ_J033333.1-273932,ARG0003sex,53.38838,-27.65937,SWIRE3_J033333.13-273932.6,53.38806,-27.65908,130.99,1.67,90.54,1.47,75.67,5.31,,,1,,
4941,RGZ_J033328.9-273957,ARG0003sex,53.37116,-27.66622,SWIRE3_J033328.99-273957.0,53.37083,-27.66586,73.72,0.93,58.05,1.3,,,56.29,5.13,1,,
4950,RGZ_J033124.7-282707,ARG0003sfj,52.85318,-28.45261,SWIRE3_J033124.72-282707.9,52.85300,-28.45220,12.34,0.62,13.89,0.81,,,,,1,,
4951,RGZ_J033126.2-282649,ARG0003sfj,52.85978,-28.44755,SWIRE3_J033126.25-282649.4,52.85940,-28.44708,24.44,0.82,25.93,1.07,,,,,1,,0.923
4971,RGZ_J032914.1-271354,ARG0003sga,52.30929,-27.23203,SWIRE3_J032914.15-271354.1,52.30896,-27.23170,57.08,1.14,91.3,1.52,151.64,5.82,246.03,5.62,1,,
4984,RGZ_J032835.7-273504,ARG0003sgf,,,,,,,,,,,,,,0,,
5002,RGZ_J033408.0-272349,ARG0003sh4,53.53394,-27.39713,SWIRE3_J033408.09-272349.0,53.53373,-27.39695,87.51,0.68,67.5,1.27,76.54,2.7,92.41,4.72,1,,
5005,RGZ_J032710.5-282009,ARG0003sgl,51.79411,-28.33643,SWIRE3_J032710.53-282009.8,51.79390,-28.33608,39.01,0.91,47.84,1.05,60.96,4.84,55.77,3.99,1,,
5048,RGZ_J032933.4-272128,ARG0003sh1,52.38962,-27.35839,SWIRE3_J032933.42-272128.6,52.38928,-27.35796,85.18,1.33,82.18,1.45,80.44,5.25,121.01,5.28,1,,
5106,RGZ_J032912.6-285137,ARG0003shk,52.30295,-28.86021,SWIRE3_J032912.61-285137.9,52.30255,-28.86054,53.75,0.8,41.96,0.85,43.79,3.6,83.24,3.74,1,,0.941
5111,RGZ_J032735.8-273024,ARG0003si7,51.89948,-27.50710,SWIRE3_J032735.83-273024.5,51.89933,-27.50683,34.09,0.84,44.34,0.81,,,43.54,3.35,1,,
5112,RGZ_J032733.6-273055,ARG0003si7,51.89045,-27.51569,SWIRE3_J032733.68-273055.2,51.89034,-27.51534,30.06,0.82,40.06,0.8,,,59.71,3.39,1,,
5113,RGZ_J032732.0-273106,ARG0003si7,,,,,,,,,,,,,,0,,
5122,RGZ_J033309.2-285340,ARG0003shq,53.28842,-28.89472,SWIRE3_J033309.20-285340.8,53.28836,-28.89467,134.96,0.84,137.19,1.4,104.08,2.79,305.1,4.41,1,,0.439
5123,RGZ_J033311.6-285401,ARG0003shq,53.29894,-28.90064,SWIRE3_J033311.68-285401.7,53.29868,-28.90048,105.75,1.4,84.86,1.53,75.05,3.95,93.45,5.17,1,,0.432
5126,RGZ_J033157.7-274208,ARG0003shs,52.99088,-27.70269,SWIRE3_J033157.75-274208.4,52.99065,-27.70236,79.75,1.3,67.68,1.39,,,,,1,,1.061
5144,RGZ_J033042.6-275058,ARG0003shf,52.67798,-27.84983,SWIRE3_J033042.69-275058.3,52.67791,-27.84953,66.6,0.89,48.16,0.94,46.11,3.46,192.03,4.03,1,,0.081
5199,RGZ_J032659.5-275021,ARG0003sj4,51.74855,-27.83966,SWIRE3_J032659.56-275021.5,51.74820,-27.83933,126.52,1.5,96.17,1.52,77.59,5.01,,,1,,
5205,RGZ_J033129.8-281817,ARG0003sio,,,,,,,,,,,,,,0,,
5234,RGZ_J033013.5-272355,ARG0003sj1,,,,,,,,,,,,,,0,,
5236,RGZ_J032923.2-283454,ARG0003sj3,52.34712,-28.58224,SWIRE3_J032923.28-283454.2,52.34704,-28.58174,78.88,0.86,97.83,1.14,97,3.45,351.5,4.27,1,,0.271
5237,RGZ_J032921.3-283444,ARG0003sj3,52.33917,-28.57966,SWIRE3_J032921.32-283444.9,52.33886,-28.57914,23.19,0.47,28.02,0.77,,,,,1,,1.594
5255,RGZ_J033331.7-280318,ARG0003sj9,,,,,,,,,,,,,,0,,
5256,RGZ_J033334.5-280400,ARG0003sj9,,,,,,,,,,,,,,0,,
5277,RGZ_J032935.5-272002,ARG0003sk0,52.39825,-27.33403,SWIRE3_J032935.52-272002.1,52.39804,-27.33392,30.77,0.7,35.1,1.01,49.54,4.2,,,1,,
5278,RGZ_J032933.9-271952,ARG0003sk0,52.39181,-27.33127,SWIRE3_J032933.94-271952.0,52.39144,-27.33112,18.38,0.73,9.77,0.84,,,,,1,,
5279,RGZ_J032932.7-271907,ARG0003sk0,,,,,,,,,,,,,,0,,
5298,RGZ_J033021.7-284844,ARG0003sk8,52.59060,-28.81226,SWIRE3_J033021.70-284844.3,52.59045,-28.81233,179.66,1.89,150.36,1.98,167.64,5.98,1097.42,8.05,1,,0.452
5308,RGZ_J033142.2-273113,ARG0003sjt,52.92630,-27.52088,SWIRE3_J033142.26-273113.5,52.92611,-27.52042,31.09,0.88,17.88,0.97,,,,,1,,
5321,RGZ_J033404.2-285447,ARG0003sjy,53.51791,-28.91342,SWIRE3_J033404.20-285447.0,53.51752,-28.91306,59.01,0.86,44.76,1.24,38.14,3.93,110.79,5.19,1,,0.413
5383,RGZ_J032851.0-280344,ARG0003ski,52.21322,-28.06265,SWIRE3_J032851.03-280344.3,52.21265,-28.06232,10.99,0.69,16.61,0.95,,,,,1,,
5384,RGZ_J032847.1-280336,ARG0003ski,52.19653,-28.06075,SWIRE3_J032847.18-280336.5,52.19660,-28.06014,73.47,1.31,63.67,1.41,52.4,5.13,300.57,6.17,1,,0.225
5403,RGZ_J033030.9-274631,ARG0003skn,52.62888,-27.77546,,,,,,,,,,,,0,,
5404,RGZ_J033117.9-272848,ARG0003sko,,,,,,,,,,,,,,0,,
5486,RGZ_J033024.7-273903,ARG0003sli,52.60311,-27.65116,SWIRE3_J033024.71-273903.3,52.60297,-27.65094,69.94,0.98,49.06,1.24,38.48,4.2,,,1,,1.08
5489,RGZ_J033532.6-280123,ARG0003slj,53.88614,-28.02369,SWIRE3_J033532.62-280123.9,53.88592,-28.02332,51.47,1.09,57.64,1.32,,,,,1,,1.523
5497,RGZ_J033356.1-282629,ARG0003slm,53.48430,-28.44183,SWIRE3_J033356.10-282629.4,53.48376,-28.44150,12.43,0.53,23.21,1.04,,,,,1,,
5498,RGZ_J033355.6-282651,ARG0003slm,53.48212,-28.44810,SWIRE3_J033355.68-282651.5,53.48204,-28.44764,95.15,0.98,140.66,1.85,198.02,4.39,312.94,5.89,1,,0.253
5511,RGZ_J033515.0-274848,ARG0003slr,53.81298,-27.81356,SWIRE3_J033515.03-274848.2,53.81265,-27.81339,59.08,1.15,56.61,1.33,45.69,5.08,,,1,,
5512,RGZ_J033228.2-285210,ARG0003smc,53.11808,-28.87012,SWIRE3_J033228.28-285210.6,53.11786,-28.86962,84.87,0.83,134.99,1.3,274.5,4.38,721.85,5.08,1,,
5513,RGZ_J032659.8-273859,ARG0003slt,51.74947,-27.65004,SWIRE3_J032659.81-273859.1,51.74922,-27.64976,24.38,0.61,34.09,0.55,59.6,3.93,112.7,2.58,1,,
5551,RGZ_J033132.2-284157,ARG0003smd,52.88509,-28.69964,SWIRE3_J033132.29-284157.0,52.88456,-28.69919,140.26,1.7,95.98,1.6,,,72.56,5.05,1,,0.977
5552,RGZ_J033130.5-284230,ARG0003smd,52.87740,-28.70877,SWIRE3_J033130.50-284230.4,52.87712,-28.70845,120.94,1.61,101.24,1.67,102.39,5.78,636.56,6.91,1,,0.236
5574,RGZ_J033222.8-273212,ARG0003sm3,53.09535,-27.53719,SWIRE3_J033222.83-273212.8,53.09513,-27.53689,177.29,1.92,125.96,1.81,134.17,5.75,117.14,5.21,1,,0.197
5575,RGZ_J033218.5-273115,ARG0003sm3,53.07753,-27.52086,SWIRE3_J033218.56-273115.3,53.07734,-27.52094,24.29,0.81,29.24,0.76,53.73,4.94,,,1,,
5576,RGZ_J033218.4-273148,ARG0003sm3,,,,,,,,,,,,,,0,,
5580,RGZ_J033135.1-273508,ARG0003smr,52.89651,-27.58647,SWIRE3_J033135.19-273508.7,52.89664,-27.58575,51.1,1.08,69.07,1.14,60.27,5.01,48.54,4.02,1,,
5592,RGZ_J033234.1-283537,ARG0003sm8,,,,,,,,,,,,,,0,,
5605,RGZ_J033152.1-273926,ARG0003smz,52.96723,-27.65759,SWIRE3_J033152.10-273926.4,52.96711,-27.65734,21.42,0.78,26.87,1.05,,,,,1,,1.871
5606,RGZ_J033156.2-274001,ARG0003smz,52.98476,-27.66713,SWIRE3_J033156.29-274001.2,52.98455,-27.66701,21.3,0.77,25.39,0.78,58.4,5,,,1,,
5607,RGZ_J032717.9-272351,ARG0003sn0,51.82503,-27.39811,SWIRE3_J032717.94-272351.7,51.82478,-27.39770,60.09,0.73,43.71,1.07,,,,,1,,
5615,RGZ_J033359.1-275759,ARG0003sn3,53.49670,-27.96660,SWIRE3_J033359.13-275759.4,53.49640,-27.96651,101.42,1.08,94.06,1.28,50.75,3.98,177.97,4.4,1,,
5616,RGZ_J033356.7-275735,ARG0003sn3,53.48679,-27.95997,SWIRE3_J033356.76-275735.0,53.48653,-27.95975,60.92,1.15,37.58,1.08,,,,,1,,
5617,RGZ_J032918.4-271956,ARG0003sn4,52.32731,-27.33273,SWIRE3_J032918.49-271956.3,52.32707,-27.33233,10.16,0.63,17.01,0.67,,,115.05,3.89,1,,
5623,RGZ_J033328.4-273938,ARG0003sm1,53.36910,-27.66088,SWIRE3_J033328.48-273938.5,53.36870,-27.66071,16.6,0.72,18.11,0.96,,,,,1,,
5659,RGZ_J032856.7-272607,ARG0003so1,,,,,,,,,,,,,,0,,
5671,RGZ_J032831.6-272725,ARG0003so9,52.13205,-27.45744,SWIRE3_J032831.62-272725.8,52.13176,-27.45717,52.47,1,37.52,0.82,,,,,1,,
5672,RGZ_J032835.0-272730,ARG0003so9,52.14639,-27.45880,SWIRE3_J032835.03-272730.4,52.14599,-27.45847,47.74,0.95,51.89,1.21,55.71,4.82,205.09,5.21,1,,
5673,RGZ_J033026.9-280236,ARG0003so8,52.61234,-28.04396,SWIRE3_J033026.91-280236.6,52.61214,-28.04351,77.07,1.07,63.4,1.42,46.44,3.97,303.15,5.91,1,,0.219
5674,RGZ_J033028.4-280148,ARG0003so8,52.61859,-28.03045,SWIRE3_J033028.44-280148.0,52.61853,-28.03001,25.6,0.82,31.92,0.83,,,,,1,,
5691,RGZ_J033228.6-281316,ARG0003snx,53.11959,-28.22127,SWIRE3_J033228.66-281316.1,53.11945,-28.22115,53.39,1.09,55.2,1.3,,,180.24,5.45,1,,0.259
5692,RGZ_J033231.4-281253,ARG0003snx,53.13131,-28.21499,SWIRE3_J033231.42-281253.0,53.13095,-28.21473,12.86,0.66,19.92,1.06,,,,,1,,
5693,RGZ_J033229.6-281329,ARG0003snx,53.12375,-28.22500,SWIRE3_J033229.62-281329.2,53.12344,-28.22478,99.23,1.43,94.43,1.18,56.95,5.21,159.15,4.03,1,,0.413
5696,RGZ_J033207.3-275120,ARG0003snf,53.03072,-27.85572,SWIRE3_J033207.31-275120.6,53.03049,-27.85573,38.52,0.96,44.26,1.21,,,53.35,5.01,1,,0.556
5709,RGZ_J032906.9-280429,ARG0003soq,52.27952,-28.07510,SWIRE3_J032906.98-280429.2,52.27912,-28.07478,69.04,1.26,73.84,1.43,68.62,5.28,51.85,5.09,1,,0.486
5718,RGZ_J033010.7-283025,ARG0003sno,52.54501,-28.50719,SWIRE3_J033010.78-283025.4,52.54495,-28.50708,39.26,0.71,68.41,1.4,160.74,5.32,310.81,5.89,1,,1.239
5757,RGZ_J033152.7-281818,ARG0003sok,52.97006,-28.30546,SWIRE3_J033152.72-281818.6,52.96970,-28.30519,632.81,3.19,439.5,3.18,347.66,7.65,290.66,5.86,1,0.0625,0.023
5758,RGZ_J033157.2-281742,ARG0003sok,52.98854,-28.29520,,,,,,,,,,,,0,,
5832,RGZ_J033510.3-285549,ARG0003spx,53.79324,-28.93082,SWIRE3_J033510.34-285549.4,53.79311,-28.93041,83.66,1.33,50.04,1.27,,,,,1,,0.879
5852,RGZ_J033256.7-282845,ARG0003spk,53.23667,-28.47982,SWIRE3_J033256.73-282845.9,53.23639,-28.47943,33.69,0.9,42.24,1.18,,,,,1,,
5854,RGZ_J033256.1-282947,ARG0003spk,53.23420,-28.49676,SWIRE3_J033256.17-282947.3,53.23408,-28.49648,81.94,0.94,65.74,1.39,32.87,3.42,,,1,,1.08
5855,RGZ_J033256.7-283034,ARG0003spk,,,,,,,,,,,,,,0,,
5917,RGZ_J032812.7-280807,ARG0003sq5,52.05312,-28.13534,,,,,,,,,,,,0,,
5925,RGZ_J033402.7-284800,ARG0003squ,,,,,,,,,,,,,,0,,
5926,RGZ_J033358.6-284829,ARG0003squ,,,,,,,,,,,,,,0,,
5951,RGZ_J033251.0-281337,ARG0003sqi,,,,,,,,,,,,,,0,,
5957,RGZ_J032625.1-280902,ARG0003sql,,,,,,,,,,,,,,0,,
5958,RGZ_J032627.4-280811,ARG0003sql,51.61453,-28.13687,SWIRE3_J032627.44-280811.2,51.61435,-28.13647,126.92,1.04,91.13,1.48,112.2,3.83,105.37,4.94,1,,
5960,RGZ_J033235.4-281859a,ARG0003sqn,53.14820,-28.31678,SWIRE3_J033235.48-281859.5,53.14786,-28.31655,196.45,1.95,176.78,2.05,160.7,5.98,399.02,6.01,1,,0.413
6011,RGZ_J032710.4-284927,ARG0003sr6,51.79389,-28.82452,SWIRE3_J032710.49-284927.2,51.79373,-28.82423,101.62,1.03,77.25,1.05,105.24,3.84,120.07,3.68,1,,
6030,RGZ_J033235.4-281859b,ARG0003srd,53.14824,-28.31665,SWIRE3_J033235.48-281859.5,53.14786,-28.31655,196.45,1.95,176.78,2.05,160.7,5.98,399.02,6.01,1,,
6031,RGZ_J033234.5-281938,ARG0003srd,,,,,,,,,,,,,,0,,
6032,RGZ_J033235.5-281952,ARG0003srd,53.14863,-28.33125,SWIRE3_J033235.57-281952.3,53.14824,-28.33120,35.41,0.77,34.57,1.12,,,40.17,4.93,1,,1.377
6033,RGZ_J033232.1-282038,ARG0003srd,53.13417,-28.34412,SWIRE3_J033232.14-282038.4,53.13392,-28.34401,24.83,0.81,19.15,0.97,,,48.75,4.9,1,,1.08
6090,RGZ_J033131.6-282906,ARG0003ss1,52.88198,-28.48551,SWIRE3_J033131.61-282906.5,52.88171,-28.48514,192.68,1.98,163.78,1.99,137.52,5.73,791.88,7.27,1,,0.432
6091,RGZ_J033134.4-282917,ARG0003ss1,52.89373,-28.48870,SWIRE3_J033134.42-282917.8,52.89342,-28.48830,123.35,1.59,93.68,1.58,62.96,5.26,76.14,5.36,1,,1.168
6092,RGZ_J033133.9-282906,ARG0003ss1,52.89093,-28.48506,SWIRE3_J033133.95-282906.6,52.89147,-28.48518,75.14,1.29,52.25,1.27,58.34,5.05,56.54,5.14,1,,1.004
6107,RGZ_J033221.5-285109,ARG0003sr1,53.09021,-28.85293,SWIRE3_J033221.59-285109.4,53.08997,-28.85263,260.65,2.34,246.3,2.48,193.54,6.5,535.89,6.91,1,0.2383,0.306
6108,RGZ_J032841.0-283021,ARG0003ssa,52.17084,-28.50649,SWIRE3_J032841.00-283021.3,52.17086,-28.50594,102.06,1.45,73.55,1.43,94.83,5.32,98.14,5.14,1,,0.888
6165,RGZ_J033358.6-284142,ARG0003st9,53.49461,-28.69552,SWIRE3_J033358.66-284142.3,53.49442,-28.69509,289.43,1.69,213.26,1.61,224.01,4.68,251.7,4.07,1,,0.452
6174,RGZ_J033222.7-282930,ARG0003sst,53.09491,-28.49201,SWIRE3_J033222.70-282930.1,53.09460,-28.49171,219.66,2.17,190.76,2.17,119.66,5.73,272.06,5.88,1,,0.225
6181,RGZ_J033433.7-273525,ARG0003sth,53.64081,-27.59073,SWIRE3_J033433.73-273525.1,53.64055,-27.59032,71.47,1.23,53.23,1.27,71.71,5.1,74.89,5.2,1,,
6192,RGZ_J033514.6-282457,ARG0003sto,53.81117,-28.41623,SWIRE3_J033514.63-282457.0,53.81098,-28.41586,161.94,1.81,147.26,1.9,136.93,5.7,370.76,6.12,1,,0.406
6194,RGZ_J033513.3-282437,ARG0003sto,53.80537,-28.41087,SWIRE3_J033513.30-282437.7,53.80545,-28.41048,49.05,1.03,27.58,0.95,,,,,1,,0.754
6295,RGZ_J033022.6-272803,ARG0003stj,52.59452,-27.46820,SWIRE3_J033022.64-272803.7,52.59434,-27.46770,83.27,1.34,54.84,1.29,,,,,1,,
6301,RGZ_J032757.0-284920,ARG0003su5,,,,,,,,,,,,,,0,,
6314,RGZ_J033351.2-280919,ARG0003suc,53.46366,-28.15583,SWIRE3_J033351.21-280919.4,53.46339,-28.15541,32.29,0.85,44.51,1.19,63.64,4.17,148.36,5.32,1,,0.439
6315,RGZ_J033350.7-281011,ARG0003suc,,,,,,,,,,,,,,0,,
6330,RGZ_J033149.0-275148,ARG0003stz,52.95467,-27.86383,SWIRE3_J033149.07-275148.5,52.95449,-27.86349,11.68,0.48,15.47,0.93,,,,,1,,
6331,RGZ_J033151.2-275056,ARG0003stz,52.96388,-27.84917,SWIRE3_J033151.28-275056.1,52.96368,-27.84893,21.93,0.79,23.93,1.05,,,,,1,,
6332,RGZ_J033147.6-275013,ARG0003stz,52.94873,-27.83742,SWIRE3_J033147.65-275013.8,52.94855,-27.83719,88.37,1.36,65.8,1.37,76.68,5.39,60.47,5.24,1,,0.197
6334,RGZ_J033204.8-274127,ARG0003su1,53.02039,-27.69117,SWIRE3_J033204.84-274127.3,53.02019,-27.69093,12.9,0.48,14.83,0.88,,,,,1,,
6335,RGZ_J033208.6-274044,ARG0003su1,,,,,,,,,,,,,,0,,
6336,RGZ_J033202.1-274128,ARG0003su1,53.00917,-27.69124,SWIRE3_J033202.14-274128.6,53.00894,-27.69130,50.74,1.07,55.32,1.29,67.51,5.19,,,1,,1.28
6350,RGZ_J032910.8-280705,ARG0003suq,52.29481,-28.11812,,,,,,,,,,,,0,,
6388,RGZ_J033052.9-274017,ARG0003svm,52.72089,-27.67189,SWIRE3_J033052.95-274017.3,52.72066,-27.67148,10.16,0.64,14.49,0.95,,,,,1,,1.014
6435,RGZ_J033405.5-274636b,ARG0003svi,53.52334,-27.77693,SWIRE3_J033405.53-274636.5,53.52306,-27.77683,11.22,0.46,13.74,0.67,,,,,1,,
6436,RGZ_J033409.5-274607a,ARG0003svi,53.54018,-27.76880,SWIRE3_J033409.57-274607.1,53.53989,-27.76864,56.06,0.89,44.61,1.22,52.45,3.56,,,1,,
6455,RGZ_J032650.4-282731,ARG0003sv3,51.71042,-28.45899,SWIRE3_J032650.41-282731.4,51.71008,-28.45874,71.7,1.19,65.41,1.34,,,44.12,4.84,1,,
6480,RGZ_J033358.9-283504a,ARG0003svu,53.49597,-28.58505,SWIRE3_J033358.95-283504.0,53.49564,-28.58446,20.1,0.77,14.93,0.95,,,,,1,,
6482,RGZ_J033306.6-284715,ARG0003svx,53.27807,-28.78802,SWIRE3_J033306.67-284715.2,53.27781,-28.78757,57.36,1.12,43.37,1.2,,,,,1,,1.042
6485,RGZ_J033345.4-272733,ARG0003svy,53.43979,-27.45950,SWIRE3_J033345.47-272733.0,53.43948,-27.45918,109.59,0.99,88.37,1.25,120.08,3.72,168.97,4.39,1,,
6505,RGZ_J033028.2-272510,ARG0003sw4,52.61811,-27.41979,SWIRE3_J033028.29-272510.2,52.61788,-27.41951,79.62,1.28,61.97,1.31,61.97,4.99,49.75,4.97,1,,
6536,RGZ_J033524.3-284942,ARG0003swd,53.85180,-28.82873,SWIRE3_J033524.36-284942.3,53.85152,-28.82843,15.26,0.71,23.09,0.73,,,,,1,,
6537,RGZ_J033526.8-284919,ARG0003swd,53.86248,-28.82247,SWIRE3_J033526.87-284919.9,53.86199,-28.82221,56.28,1.12,44.91,1.14,,,,,1,,1.089
6622,RGZ_J033033.9-273945,ARG0003swl,,,,,,,,,,,,,,0,,
6645,RGZ_J033238.3-280406a,ARG0003swc,53.15965,-28.06871,SWIRE3_J033238.31-280406.1,53.15965,-28.06838,115.14,1.3,81.68,1.24,78.07,4.35,500.9,5.16,1,,
6646,RGZ_J033245.3-280450,ARG0003swc,53.18905,-28.08102,SWIRE3_J033245.30-280450.3,53.18879,-28.08064,55.68,1.14,56.2,0.99,,,36.82,3.49,1,,
6647,RGZ_J033240.8-280423,ARG0003swc,53.17038,-28.07350,SWIRE3_J033240.82-280423.3,53.17011,-28.07316,25.73,0.84,17.91,0.78,,,,,1,,
