CatID,RGZID,ZooniverseID,RA,Dec,N_votes,N_total,CL,N_comp,N_peaks,LAE,TSA,OL,TF,TF_err,DC
5,RGZ_J033133.0-283131,ARG0003r1f,52.88665,-28.52605,6,6,1.0,1,2,98.7,2025.73,5796.95,2248.08,0.62,
6,RGZ_J032914.9-272332,ARG0003r1e,52.31236,-27.39255,35,38,0.92,1,2,87.0,2648.53,4986.1,3085.17,0.61,
12,RGZ_J033323.7-272407,ARG0003r1q,53.34921,-27.40189,7,7,1.0,1,1,57.4,905.4,3796.8,1101.89,0.27,
13,RGZ_J033409.2-282419,ARG0003r18,53.53858,-28.40529,25,35,0.71,1,1,64.1,1130.76,4170.21,2288.64,0.33,
14,RGZ_J033405.2-282333,ARG0003r18,53.52216,-28.39259,25,35,0.71,1,1,28.9,255.6,4170.21,26.07,0.16,
17,RGZ_J033126.9-281811,ARG0003r1a,52.86145,-28.30475,6,6,1.0,1,1,100.3,3517.21,6296.0,3094.92,0.88,
18,RGZ_J032846.5-282618,ARG0003r1b,52.19421,-28.43811,10,10,1.0,1,2,64.2,1102.68,3962.58,2270.86,0.31,
19,RGZ_J033553.3-272740a,ARG0003r1c,53.97216,-27.46153,24,32,0.75,1,1,58.4,991.8,3578.64,2450.43,0.27,
20,RGZ_J033551.9-272652b,ARG0003r1c,53.96715,-27.44745,24,32,0.75,1,1,21.0,134.64,3578.64,6.71,0.1,
22,RGZ_J033242.8-273817,ARG0003r1h,53.17691,-27.63808,7,7,1.0,1,2,68.7,1560.97,4436.65,1660.41,0.41,
23,RGZ_J033431.0-282525,ARG0003r1i,53.62883,-28.42365,24,34,0.71,1,1,69.5,1301.41,3728.98,1975.46,0.32,
26,RGZ_J033521.6-275601,ARG0003r1n,53.84499,-27.93437,10,10,1.0,1,1,73.5,1323.73,3608.14,1617.65,0.31,
27,RGZ_J033034.5-282707,ARG0003r1o,52.64407,-28.45194,8,8,1.0,1,1,60.8,1017.36,4302.1,1109.82,0.32,
28,RGZ_J033021.8-280206,ARG0003r1p,52.59112,-28.03441,10,10,1.0,1,1,72.5,952.56,4485.78,777.44,0.33,
33,RGZ_J033405.3-284059,ARG0003r2e,53.52271,-28.6828,43,65,0.66,1,1,12.3,49.32,3553.8,1.96,0.06,
34,RGZ_J033406.7-284102,ARG0003r2e,53.5283,-28.68447,43,65,0.66,1,1,12.2,37.44,3553.8,1.25,0.05,
35,RGZ_J033406.7-284141,ARG0003r2e,53.52841,-28.69494,24,32,0.75,1,1,50.7,921.6,3553.8,626.86,0.26,
43,RGZ_J033227.0-274105,ARG0003r1x,53.11209,-27.68278,10,10,1.0,1,1,73.3,1100.52,3614.71,732.13,0.28,
47,RGZ_J033211.2-272636,ARG0003r2m,53.04625,-27.44744,6,6,1.0,1,2,89.9,2683.45,6025.24,703.73,0.74,
48,RGZ_J033001.9-274638,ARG0003r21,52.5047,-27.77337,10,10,1.0,1,2,64.2,1287.01,4281.98,818.28,0.36,
58,RGZ_J032650.9-284747,ARG0003r29,51.71204,-28.79632,22,33,0.67,1,1,10.0,27.36,3557.45,0.89,0.04,
59,RGZ_J032648.6-284735,ARG0003r29,51.70286,-28.79368,22,33,0.67,1,1,56.0,795.24,3557.45,530.11,0.24,
66,RGZ_J032851.7-280547,ARG0003r2x,52.21507,-28.09703,6,6,1.0,1,1,62.0,859.68,3287.91,357.69,0.23,
71,RGZ_J032826.5-271703,ARG0003r2d,52.11171,-27.28343,25,33,0.76,2,2,90.0,1937.89,4907.2,718.72,0.51,
76,RGZ_J033346.8-273923,ARG0003r2g,53.44638,-27.65525,47,70,0.67,1,1,30.5,179.64,3983.71,7.44,0.13,
77,RGZ_J033349.1-273838,ARG0003r2g,53.45438,-27.64401,47,70,0.67,1,1,49.0,663.12,3983.71,463.08,0.24,
81,RGZ_J033436.8-285020,ARG0003r34,53.65361,-28.83947,28,35,0.8,1,1,11.5,37.8,3657.54,1.32,0.05,
82,RGZ_J033441.1-284940,ARG0003r34,53.67147,-28.82801,28,35,0.8,1,1,45.3,599.4,3657.54,283.24,0.21,
104,RGZ_J033043.6-283754,ARG0003r1l,52.68201,-28.63343,19,28,0.68,1,1,17.9,130.32,4859.83,14.0,0.13,
105,RGZ_J033047.5-283854,ARG0003r1l,52.69866,-28.6482,19,28,0.68,1,1,63.9,1354.69,4859.83,1840.56,0.42,
126,RGZ_J032830.9-273220,ARG0003r2z,52.12877,-27.53902,19,28,0.68,1,1,21.7,108.72,3747.52,5.44,0.09,
129,RGZ_J033249.1-274050,ARG0003r30,53.20503,-27.68084,9,9,1.0,1,1,47.0,598.32,3552.26,297.12,0.21,
138,RGZ_J033201.7-281300,ARG0003r33,53.00688,-28.21721,6,6,1.0,1,1,70.7,1210.33,4391.01,534.4,0.36,
139,RGZ_J032821.9-280001,ARG0003r3s,52.09123,-28.00124,21,29,0.72,1,1,54.6,795.96,3485.62,294.4,0.23,
140,RGZ_J032826.2-280016,ARG0003r3s,52.10914,-28.00411,21,29,0.72,1,1,23.8,136.8,3485.62,9.38,0.1,
149,RGZ_J033330.5-285427,ARG0003r2o,53.37675,-28.90752,6,8,0.75,1,1,52.0,744.12,3356.63,404.67,0.22,
150,RGZ_J033512.9-275233,ARG0003r39,53.8039,-27.87547,16,23,0.7,1,1,11.1,51.48,3408.0,2.12,0.06,
151,RGZ_J033508.7-275136,ARG0003r39,53.78668,-27.85995,16,23,0.7,1,1,48.5,664.92,3408.0,296.43,0.21,
153,RGZ_J033122.6-281056,ARG0003r3y,52.84414,-28.18206,6,6,1.0,1,1,43.2,542.16,3728.55,210.29,0.21,
154,RGZ_J033356.5-272444,ARG0003r3d,53.4846,-27.41093,8,8,1.0,1,2,93.5,2135.17,4596.25,880.22,0.5,
157,RGZ_J033333.6-281404,ARG0003r3g,53.39038,-28.2341,23,31,0.74,1,1,47.0,604.8,4013.23,238.94,0.23,
162,RGZ_J033402.8-282405,ARG0003r2v,53.51069,-28.40285,24,36,0.67,1,3,102.9,2311.21,4874.4,796.63,0.55,
183,RGZ_J032832.7-285536,ARG0003r2h,52.13667,-28.92704,6,6,1.0,1,1,45.1,616.32,3686.77,358.56,0.22,
193,RGZ_J033213.2-274351,ARG0003r4e,53.05482,-27.73108,21,29,0.72,1,1,41.3,486.36,3861.2,97.13,0.2,466
195,RGZ_J033405.5-274636a,ARG0003r3t,53.52298,-27.77688,18,22,0.82,1,1,46.3,664.2,3915.83,220.65,0.24,
196,RGZ_J033409.5-274607b,ARG0003r3t,53.54074,-27.76938,18,22,0.82,1,1,14.5,72.72,3915.83,2.78,0.08,
199,RGZ_J032629.8-284754,ARG0003r3w,51.62421,-28.79816,6,6,1.0,1,1,45.2,698.76,3511.38,210.31,0.22,
224,RGZ_J032904.4-285137,ARG0003r45,52.26831,-28.86063,8,8,1.0,1,1,43.2,544.32,3663.87,214.52,0.2,
225,RGZ_J033219.2-275406,ARG0003r3l,53.07992,-27.90186,9,9,1.0,1,1,59.0,1145.88,4399.24,612.48,0.35,
270,RGZ_J033211.6-273726,ARG0003r3h,53.04851,-27.62408,19,27,0.7,1,1,45.9,567.36,3542.07,204.11,0.2,
271,RGZ_J033215.3-273706,ARG0003r3h,53.06429,-27.61833,19,27,0.7,1,1,13.2,63.0,3542.07,2.16,0.07,
272,RGZ_J033211.8-273820,ARG0003r3h,53.05051,-27.63775,19,27,0.7,1,1,23.3,55.8,3542.07,1.67,0.06,
273,RGZ_J033207.9-273732,ARG0003r3h,53.03299,-27.62519,19,27,0.7,1,1,8.1,15.12,3542.07,0.45,0.03,
284,RGZ_J032830.9-280115,ARG0003r4s,52.12874,-28.02015,22,33,0.67,1,1,11.8,27.72,3331.61,0.78,0.04,
285,RGZ_J032833.6-280151,ARG0003r4s,52.13999,-28.03104,22,33,0.67,1,1,31.1,173.52,3331.61,17.66,0.1,
286,RGZ_J032829.3-280150,ARG0003r4s,52.12209,-28.03085,22,33,0.67,1,1,39.9,475.2,3331.61,121.7,0.17,
291,RGZ_J033504.2-282125,ARG0003r4v,53.76758,-28.35672,6,6,1.0,1,1,57.5,875.16,3919.24,203.64,0.27,
307,RGZ_J032810.0-272637,ARG0003r54,52.04182,-27.44367,26,35,0.74,1,1,23.9,142.56,4175.29,8.49,0.12,322
308,RGZ_J032806.1-272628,ARG0003r54,52.02481,-27.44225,26,35,0.74,1,1,52.0,632.16,4175.29,128.46,0.25,
309,RGZ_J032803.8-272654,ARG0003r54,52.01537,-27.44959,26,35,0.74,1,1,13.1,44.64,4175.29,1.7,0.07,
313,RGZ_J033517.7-275050,ARG0003r3z,53.82399,-27.84728,5,5,1.0,1,1,42.9,523.08,3463.83,154.33,0.19,
319,RGZ_J033055.6-275201,ARG0003r5a,52.73193,-27.86725,23,33,0.7,1,1,57.0,1031.76,3812.8,310.36,0.29,
322,RGZ_J032810.1-272637,ARG0003r5x,52.04182,-27.44367,42,64,0.66,1,1,24.5,152.28,3921.0,8.81,0.11,307
323,RGZ_J032811.2-272553,ARG0003r5x,52.04672,-27.43135,26,33,0.79,1,1,40.3,442.44,3921.0,93.59,0.2,
350,RGZ_J033448.6-282205,ARG0003r67,53.70246,-28.37087,9,9,1.0,1,1,61.7,887.4,3706.69,165.66,0.26,
352,RGZ_J032947.1-273645,ARG0003r6a,52.44507,-27.61169,6,6,1.0,1,1,41.3,473.04,3635.66,96.7,0.19,
375,RGZ_J033517.7-285407,ARG0003r5z,53.82408,-28.90216,20,29,0.69,1,1,43.5,495.72,3491.54,85.1,0.18,
387,RGZ_J032822.6-283157,ARG0003r64,52.09464,-28.53277,29,37,0.78,1,1,39.4,444.6,3858.44,103.11,0.19,
388,RGZ_J033228.7-274356,ARG0003r5k,53.12087,-27.7327,4,4,1.0,1,2,93.6,1930.69,4058.12,347.09,0.42,
389,RGZ_J033529.5-271856,ARG0003r66,53.873,-27.31514,26,34,0.76,1,1,39.7,463.68,3816.57,82.99,0.19,
390,RGZ_J033527.5-271950,ARG0003r66,53.8646,-27.32775,26,34,0.76,1,1,38.1,566.28,3816.57,1847.13,0.21,
399,RGZ_J032750.4-285136,ARG0003r6c,51.96099,-28.85947,10,10,1.0,1,2,72.9,1069.56,4304.38,243.8,0.33,
403,RGZ_J033358.2-274848,ARG0003r6d,53.49285,-27.81317,21,30,0.7,1,1,38.8,419.76,3744.8,69.28,0.18,3011
406,RGZ_J033359.0-274820,ARG0003r6d,53.4971,-27.80542,21,30,0.7,1,1,22.4,176.4,3744.8,8.27,0.12,3011
410,RGZ_J033106.8-274517,ARG0003r5t,52.77761,-27.75278,6,8,0.75,1,1,62.4,870.84,3935.08,170.39,0.27,
422,RGZ_J032927.5-284015,ARG0003r6m,52.36475,-28.6708,8,8,1.0,1,1,47.1,512.28,3905.99,89.33,0.21,
423,RGZ_J033339.1-281705,ARG0003r6k,53.41314,-28.28636,23,31,0.74,1,1,16.3,106.56,3436.61,8.18,0.08,
424,RGZ_J033338.8-281804,ARG0003r6k,53.41202,-28.30133,23,31,0.74,1,1,39.7,433.08,3436.61,68.77,0.17,
447,RGZ_J033355.4-283539,ARG0003r5l,53.48165,-28.59383,65,94,0.69,1,1,19.2,101.88,3681.51,4.16,0.09,
448,RGZ_J033358.9-283504b,ARG0003r5l,53.49575,-28.58387,43,61,0.7,1,1,39.0,448.56,3681.51,111.67,0.18,
449,RGZ_J033358.0-283416,ARG0003r5l,53.49209,-28.57103,41,63,0.65,1,1,23.0,129.24,3681.51,6.4,0.1,3738
450,RGZ_J033357.4-283550,ARG0003r5l,53.48937,-28.59786,65,94,0.69,1,1,15.8,64.8,3681.51,2.41,0.07,
481,RGZ_J032907.6-284117,ARG0003r75,52.28336,-28.68963,22,33,0.67,1,2,57.4,739.08,3537.44,126.93,0.23,
491,RGZ_J033605.7-283758,ARG0003r7u,54.02344,-28.63509,6,6,1.0,1,1,56.1,629.28,3620.63,75.38,0.21,
492,RGZ_J033248.8-282219,ARG0003r7v,53.20407,-28.37155,24,35,0.69,1,1,9.2,20.16,3649.15,0.64,0.04,
493,RGZ_J033241.7-282241,ARG0003r7v,53.17389,-28.37829,24,35,0.69,1,1,9.3,22.32,3649.15,0.69,0.04,
494,RGZ_J033246.0-282232,ARG0003r7v,53.19183,-28.37543,24,35,0.69,1,1,36.7,394.56,3649.15,58.0,0.17,
519,RGZ_J032758.5-285339,ARG0003r87,51.99434,-28.89432,22,26,0.85,1,1,35.4,346.68,4059.05,49.12,0.18,
532,RGZ_J032759.1-272827,ARG0003r8b,51.99656,-27.47425,19,28,0.68,1,1,39.2,381.96,3277.86,47.4,0.15,
576,RGZ_J033248.8-283052,ARG0003r83,53.20372,-28.51441,46,65,0.71,1,1,28.2,235.08,3834.5,15.26,0.14,
577,RGZ_J033245.8-283114,ARG0003r83,53.19111,-28.5214,46,65,0.71,1,1,38.4,402.48,3834.5,49.59,0.18,
580,RGZ_J033456.3-271444,ARG0003r86,53.73555,-27.24519,8,8,1.0,1,1,43.9,433.8,3664.65,58.6,0.18,
588,RGZ_J033252.2-280208,ARG0003r8a,53.21773,-28.03605,41,63,0.65,1,1,17.2,65.16,4305.8,2.81,0.08,
589,RGZ_J033257.1-280210,ARG0003r8a,53.23738,-28.0362,21,28,0.75,1,1,54.1,976.32,4305.8,884.97,0.32,
600,RGZ_J033300.9-284716,ARG0003r8f,53.25547,-28.78996,8,8,1.0,1,1,52.6,636.48,3561.91,87.3,0.21,
621,RGZ_J032921.7-283312,ARG0003r99,52.34108,-28.55218,6,6,1.0,1,1,45.0,490.32,4414.8,65.98,0.23,
627,RGZ_J032914.7-281000,ARG0003r8p,52.31143,-28.1667,6,6,1.0,1,1,33.9,322.56,3675.32,39.35,0.16,
628,RGZ_J033115.9-274442,ARG0003r84,52.81663,-27.74504,7,7,1.0,1,1,37.4,414.0,3826.99,62.52,0.18,
666,RGZ_J033010.8-274611,ARG0003r96,52.54538,-27.76982,43,62,0.69,1,1,14.1,39.6,3824.09,1.39,0.06,
668,RGZ_J033008.6-274541,ARG0003r96,52.53611,-27.76094,43,62,0.69,1,1,20.5,93.96,3824.09,3.97,0.09,
702,RGZ_J032653.3-281815,ARG0003r9h,51.72251,-28.30407,21,32,0.66,1,1,34.1,320.04,3675.68,43.07,0.16,
703,RGZ_J032651.3-281717,ARG0003r9h,51.71422,-28.28951,21,32,0.66,1,1,18.6,133.92,3675.68,10.3,0.1,
801,RGZ_J033035.4-280249,ARG0003r9y,52.64757,-28.04752,24,28,0.86,1,1,17.5,87.48,3428.47,3.41,0.08,5519
802,RGZ_J033036.9-280241,ARG0003r9y,52.65389,-28.04489,24,28,0.86,1,1,9.7,29.16,3428.47,0.93,0.04,5519
803,RGZ_J033035.1-280337b,ARG0003r9y,52.64624,-28.0599,24,28,0.86,1,1,34.5,369.72,3428.47,38.83,0.16,5519
804,RGZ_J033036.6-280424,ARG0003r9y,52.65266,-28.07352,45,59,0.76,1,1,19.7,108.72,3428.47,5.05,0.08,
807,RGZ_J032843.5-284552,ARG0003rb0,52.18209,-28.7666,6,6,1.0,1,1,28.6,226.44,3787.2,22.21,0.13,
824,RGZ_J033006.3-273804,ARG0003rao,52.52634,-27.63473,20,29,0.69,1,1,15.8,67.32,3487.68,2.42,0.07,
825,RGZ_J033005.6-273832,ARG0003rao,52.52341,-27.64229,20,29,0.69,1,1,33.6,338.04,3487.68,35.86,0.15,
826,RGZ_J033009.6-273839,ARG0003rao,52.54,-27.64446,20,29,0.69,1,1,10.2,33.48,3487.68,1.14,0.05,
873,RGZ_J032731.3-281258,ARG0003rb7,51.8804,-28.21573,8,8,1.0,1,1,32.4,290.52,3275.46,29.4,0.13,
875,RGZ_J033008.6-274137,ARG0003rbt,52.5357,-27.69278,10,10,1.0,1,1,41.0,352.44,3667.3,29.27,0.16,
885,RGZ_J033530.1-281108,ARG0003rbx,53.87589,-28.1856,45,67,0.67,1,1,30.2,272.88,3593.95,25.86,0.14,
886,RGZ_J033530.3-281025,ARG0003rbx,53.87663,-28.17338,45,67,0.67,1,1,25.0,181.8,3593.95,10.15,0.11,
905,RGZ_J033457.3-282158,ARG0003rc6,53.73908,-28.36592,49,68,0.72,1,1,30.2,268.92,3692.24,22.96,0.14,
906,RGZ_J033459.0-282245,ARG0003rc6,53.74688,-28.37777,49,68,0.72,1,1,27.2,153.36,3692.24,6.24,0.11,
915,RGZ_J033335.2-274820,ARG0003ran,53.39688,-27.8058,50,65,0.77,1,1,19.5,98.64,3261.48,3.79,0.08,
916,RGZ_J033334.5-274751,ARG0003ran,53.3939,-27.79775,50,65,0.77,1,1,34.0,331.56,3261.48,37.31,0.14,
942,RGZ_J032926.5-274235,ARG0003rci,52.36072,-27.71096,22,30,0.73,1,1,18.8,124.2,3612.58,7.58,0.1,
943,RGZ_J032929.5-274331,ARG0003rci,52.37339,-27.72536,22,30,0.73,1,1,32.5,326.16,3612.58,31.55,0.15,
949,RGZ_J033150.7-274703,ARG0003rby,52.96155,-27.78448,9,9,1.0,1,1,32.4,296.28,3553.08,28.47,0.14,
950,RGZ_J033448.4-285540,ARG0003rc2,53.7022,-28.928,27,33,0.82,1,1,36.5,367.56,3353.8,33.38,0.15,
958,RGZ_J032639.9-281814,ARG0003rbl,51.6666,-28.30372,6,6,1.0,1,1,36.6,318.24,3401.88,29.76,0.14,
988,RGZ_J032923.7-280431,ARG0003rcg,52.34923,-28.07554,25,32,0.78,1,1,10.0,25.56,3535.17,0.81,0.04,
989,RGZ_J032922.0-280420,ARG0003rcg,52.34194,-28.07179,25,32,0.78,1,1,37.7,364.68,3535.17,33.12,0.16,
990,RGZ_J032917.8-280510,ARG0003rcg,52.32398,-28.08637,25,32,0.78,1,1,11.8,48.24,3535.17,1.68,0.06,
995,RGZ_J033331.6-280624,ARG0003rd2,53.38218,-28.10659,6,6,1.0,1,1,29.5,263.88,3646.11,22.61,0.14,
997,RGZ_J032744.1-281735,ARG0003rbh,51.93389,-28.29374,23,33,0.7,1,1,20.3,82.44,3700.2,3.12,0.08,
1001,RGZ_J032744.7-273116,ARG0003rck,51.93624,-27.52112,20,30,0.67,1,1,21.5,126.36,3956.29,6.65,0.11,2333;3462
1002,RGZ_J032748.5-273136,ARG0003rck,51.95222,-27.52676,20,30,0.67,1,1,15.1,73.44,3956.29,3.33,0.08,
1012,RGZ_J033443.6-280017,ARG0003rcq,53.68202,-28.00519,4,4,1.0,1,1,36.8,369.72,3405.67,34.21,0.15,
1050,RGZ_J032747.0-282259,ARG0003rdo,51.94574,-28.38322,3,3,1.0,1,1,39.5,492.84,3345.17,39.9,0.18,
1061,RGZ_J033049.7-275452,ARG0003rdu,52.70716,-27.91463,25,37,0.68,1,1,44.5,537.48,3742.25,61.13,0.21,374
1062,RGZ_J033046.2-275518,ARG0003rdu,52.69252,-27.92288,25,37,0.68,1,1,36.0,325.8,3742.25,27.24,0.16,579
1063,RGZ_J033520.5-274654,ARG0003rd9,53.8355,-27.78185,4,4,1.0,1,1,31.1,251.64,3496.64,23.19,0.13,
1091,RGZ_J033033.0-273255,ARG0003rd3,52.63766,-27.54857,24,35,0.69,1,1,30.2,301.68,3644.96,26.64,0.15,
1093,RGZ_J033341.6-283357,ARG0003re8,53.4232,-28.56606,23,30,0.77,1,1,13.7,45.36,3587.92,1.57,0.06,
1094,RGZ_J033344.3-283325,ARG0003re8,53.43458,-28.55673,23,30,0.77,1,1,29.4,230.4,3587.92,18.16,0.13,
1095,RGZ_J033437.5-275827,ARG0003rdp,53.65666,-27.97401,22,32,0.69,1,1,13.1,47.52,3650.82,1.68,0.06,
1096,RGZ_J033437.8-275915,ARG0003rdp,53.65757,-27.9886,22,32,0.69,1,1,44.8,336.6,3650.82,27.53,0.16,
1097,RGZ_J032738.2-275704,ARG0003rea,51.90929,-27.95078,4,4,1.0,1,1,27.0,207.72,3576.74,17.75,0.12,
1120,RGZ_J033321.2-274138,ARG0003rcy,53.33884,-27.694,26,36,0.72,1,1,30.0,257.76,3572.31,22.27,0.14,
1121,RGZ_J033316.9-274121,ARG0003rcy,53.32121,-27.68896,26,36,0.72,1,1,27.2,132.12,3572.31,8.76,0.1,
1122,RGZ_J033342.3-274736,ARG0003rel,53.4264,-27.7936,8,8,1.0,1,1,28.9,251.64,3345.45,18.83,0.13,
1138,RGZ_J032744.9-274127,ARG0003re9,51.9371,-27.69098,39,55,0.71,1,1,20.1,103.68,3633.75,4.28,0.09,4425
1139,RGZ_J032745.1-274052,ARG0003re9,51.93813,-27.68114,39,55,0.71,1,1,31.9,269.28,3633.75,20.28,0.14,4425
1144,RGZ_J033108.9-271949,ARG0003reu,52.78769,-27.33034,49,64,0.77,1,1,18.9,108.72,3618.16,4.47,0.09,
1145,RGZ_J033107.5-271918,ARG0003reu,52.78148,-27.32181,25,35,0.71,1,1,29.9,255.6,3618.16,19.2,0.14,4230
1146,RGZ_J033138.4-275942,ARG0003red,52.9103,-27.99477,25,29,0.86,1,1,30.3,257.76,3516.56,19.77,0.13,
1152,RGZ_J033427.8-284235,ARG0003rey,53.61595,-28.70972,16,21,0.76,1,1,27.9,215.28,3485.66,16.98,0.12,
1153,RGZ_J033430.2-284242,ARG0003rey,53.62562,-28.71179,16,21,0.76,1,1,10.0,31.32,3485.66,0.98,0.05,
1159,RGZ_J032639.3-284132,ARG0003ref,51.664,-28.69246,21,31,0.68,1,1,31.3,280.8,3529.02,22.82,0.14,
1160,RGZ_J032639.4-284207,ARG0003ref,51.66461,-28.70221,21,31,0.68,1,1,11.2,26.64,3529.02,0.81,0.04,
1170,RGZ_J032828.0-274719,ARG0003rdz,52.11469,-27.78587,23,33,0.7,1,2,59.0,614.52,3281.31,40.6,0.19,
1181,RGZ_J033204.9-282815,ARG0003rdl,53.02093,-28.4712,44,63,0.7,1,1,30.6,250.56,3883.72,22.02,0.15,
1182,RGZ_J033205.7-282754,ARG0003rdl,53.02419,-28.46491,44,63,0.7,1,1,21.2,122.76,3883.72,6.08,0.1,
1187,RGZ_J032912.7-280214,ARG0003rep,52.30306,-28.0386,4,4,1.0,1,1,37.0,297.72,3524.21,18.97,0.14,
1213,RGZ_J032826.7-280351,ARG0003rf0,52.11133,-28.06432,20,28,0.71,1,1,26.0,181.8,3728.21,8.31,0.12,3581
1214,RGZ_J032827.0-280509,ARG0003rf0,52.11257,-28.0861,20,28,0.71,1,1,18.2,96.12,3728.21,4.36,0.09,3811
1222,RGZ_J033037.6-283127,ARG0003rfn,52.65777,-28.5249,8,8,1.0,1,1,38.4,396.0,3711.91,30.8,0.17,
1223,RGZ_J033146.5-275735,ARG0003rfo,52.94407,-27.95899,26,38,0.68,1,1,29.4,250.92,3637.4,17.54,0.14,
1224,RGZ_J033150.0-275806,ARG0003rfo,52.95889,-27.97008,26,38,0.68,1,1,36.4,298.44,3637.4,21.07,0.15,
1251,RGZ_J033025.7-275017,ARG0003rex,52.60708,-27.83832,7,7,1.0,1,1,29.3,262.8,3591.86,20.27,0.14,
1261,RGZ_J033548.7-275631,ARG0003rg1,53.95454,-27.94265,24,28,0.86,1,1,36.2,425.16,3296.12,26.06,0.16,
1291,RGZ_J033453.9-272921,ARG0003rfw,53.72474,-27.48994,6,6,1.0,1,1,31.6,267.84,3407.98,22.28,0.13,
1300,RGZ_J033301.0-272728,ARG0003rfz,53.25386,-27.45835,7,7,1.0,1,1,34.1,273.96,3559.87,23.6,0.14,
1304,RGZ_J033510.3-285428,ARG0003rgg,53.79333,-28.90825,4,4,1.0,1,1,28.1,241.2,3097.15,18.5,0.11,
1305,RGZ_J033320.7-272714,ARG0003rg3,53.33657,-27.45406,20,30,0.67,1,1,57.3,741.96,3777.28,74.71,0.24,
1306,RGZ_J032753.0-284027,ARG0003rfl,51.97108,-28.67394,8,8,1.0,1,1,27.8,220.68,3520.63,17.56,0.12,
1307,RGZ_J033337.9-284706,ARG0003rgi,53.40926,-28.78521,23,29,0.79,1,1,34.0,330.48,3500.53,21.92,0.15,
1309,RGZ_J032950.1-282456,ARG0003rg6,52.45899,-28.41533,10,10,1.0,1,1,28.8,213.84,3181.94,13.66,0.11,
1337,RGZ_J033000.3-275347,ARG0003rg5,52.50168,-27.89653,18,27,0.67,1,1,28.1,273.24,3496.82,18.45,0.14,
1338,RGZ_J032957.4-275354,ARG0003rg5,52.48978,-27.89884,18,27,0.67,1,1,7.5,13.68,3496.82,0.41,0.03,
1353,RGZ_J033000.3-281320,ARG0003rgx,52.50171,-28.22177,42,62,0.68,1,1,28.4,206.64,4051.69,13.9,0.14,
1354,RGZ_J032959.5-281409a,ARG0003rgx,52.49801,-28.2346,22,29,0.76,1,1,34.1,408.96,4051.69,112.5,0.19,
1355,RGZ_J033000.7-281348,ARG0003rgx,52.50308,-28.23037,42,62,0.68,1,1,19.4,106.56,4051.69,4.91,0.1,
1377,RGZ_J033153.5-285239,ARG0003rfs,52.97304,-28.87769,24,30,0.8,1,1,20.0,113.04,3308.82,5.36,0.08,3423
1379,RGZ_J033158.0-285254,ARG0003rfs,52.99234,-28.88196,24,30,0.8,1,1,14.8,68.4,3308.82,2.67,0.06,5514
1380,RGZ_J032959.5-281409b,ARG0003rff,52.49727,-28.23566,29,37,0.78,1,1,40.1,354.6,3750.43,99.6,0.17,
1381,RGZ_J032955.2-281355,ARG0003rff,52.4801,-28.23198,29,37,0.78,1,1,26.3,198.72,3750.43,14.84,0.13,
1397,RGZ_J033311.7-274138,ARG0003rgz,53.29913,-27.69439,5,5,1.0,1,1,27.6,226.8,3296.11,15.15,0.12,
1446,RGZ_J033356.1-281947,ARG0003rhh,53.4837,-28.32988,25,29,0.86,1,1,28.0,216.36,3756.96,16.16,0.13,
1497,RGZ_J033233.3-285222,ARG0003ri2,53.13912,-28.87215,25,33,0.76,1,1,30.4,244.08,3352.5,17.0,0.12,
1498,RGZ_J032626.7-275835,ARG0003ri4,51.61147,-27.97598,48,58,0.83,1,1,19.3,101.52,3526.42,3.89,0.08,
1499,RGZ_J032624.6-275749,ARG0003ri4,51.60288,-27.96385,48,58,0.83,1,1,28.6,235.44,3526.42,15.62,0.13,
1502,RGZ_J032903.4-280757,ARG0003ri5,52.26432,-28.13288,22,33,0.67,1,1,27.4,218.88,3442.41,14.48,0.12,2743
1540,RGZ_J033107.1-273959,ARG0003rik,52.77939,-27.66663,22,26,0.85,1,1,13.7,41.04,3660.39,1.41,0.06,
1541,RGZ_J033109.5-274040,ARG0003rik,52.79072,-27.67614,22,26,0.85,1,1,40.5,324.0,3660.39,18.46,0.16,
1574,RGZ_J033500.4-280530,ARG0003riu,53.75178,-28.09133,21,32,0.66,1,1,30.3,249.84,3756.06,18.89,0.14,
1575,RGZ_J033500.3-280625,ARG0003riu,53.75111,-28.10545,21,32,0.66,1,1,23.2,128.52,3756.06,6.0,0.1,
1576,RGZ_J033251.8-283105,ARG0003riw,53.21638,-28.51785,24,33,0.73,1,1,9.7,26.28,3944.69,0.92,0.05,
1604,RGZ_J032732.8-282753,ARG0003rj3,51.88724,-28.46488,6,6,1.0,1,1,29.7,257.04,3587.39,16.93,0.14,
1611,RGZ_J033149.8-280809,ARG0003rj5,52.95815,-28.13673,28,37,0.76,1,1,39.4,563.04,3705.33,174.04,0.21,
1614,RGZ_J033102.0-272918,ARG0003rj7,52.75834,-27.48858,9,9,1.0,1,1,30.2,241.56,3408.85,15.05,0.13,
1615,RGZ_J032805.7-271605,ARG0003rj9,52.02451,-27.26887,5,5,1.0,1,1,38.4,310.68,3234.51,19.31,0.13,
1661,RGZ_J033003.7-285439,ARG0003rjr,52.51561,-28.9108,26,35,0.74,1,1,27.4,217.08,3397.86,13.39,0.12,
1662,RGZ_J033004.7-285453,ARG0003rjr,52.51979,-28.91423,26,35,0.74,1,1,11.2,30.24,3397.86,0.91,0.04,
1685,RGZ_J033004.6-273208,ARG0003rk0,52.5196,-27.53572,6,6,1.0,1,1,23.1,139.68,3742.27,8.02,0.1,
1699,RGZ_J033053.3-272730,ARG0003rk7,52.7221,-27.45809,4,4,1.0,1,1,38.0,350.64,3574.88,20.63,0.16,
1713,RGZ_J033023.0-281807b,ARG0003rkc,52.596,-28.30221,25,36,0.69,1,1,47.1,498.6,4008.98,36.5,0.21,
1714,RGZ_J033023.8-281710,ARG0003rkc,52.60037,-28.28836,25,36,0.69,1,1,26.7,267.84,4008.98,15.12,0.16,
1715,RGZ_J033026.1-281711,ARG0003rkc,52.60895,-28.289,25,36,0.69,1,1,29.0,320.76,4008.98,172.79,0.17,
1722,RGZ_J033018.2-275919,ARG0003rkf,52.5758,-27.98857,21,32,0.66,1,1,26.0,204.84,3307.68,12.52,0.11,1485
1723,RGZ_J033015.6-280008,ARG0003rkf,52.56497,-28.00207,21,32,0.66,1,1,26.1,200.16,3307.68,13.28,0.11,1485
1729,RGZ_J033203.4-285348,ARG0003rkh,53.0142,-28.89636,8,8,1.0,1,1,26.3,188.28,3245.75,10.37,0.11,
1760,RGZ_J032924.0-284619,ARG0003rkq,52.35013,-28.772,9,9,1.0,1,1,28.0,204.12,3667.48,12.38,0.12,
1765,RGZ_J033340.0-274301,ARG0003rkt,53.41799,-27.71713,20,30,0.67,1,1,9.5,29.88,3526.41,0.92,0.05,
1774,RGZ_J032834.7-274726,ARG0003rkx,52.14478,-27.79081,24,30,0.8,1,1,7.1,13.32,3091.28,0.36,0.03,
1775,RGZ_J032833.7-274743,ARG0003rkx,52.13986,-27.79477,24,30,0.8,1,1,47.2,426.6,3091.28,21.48,0.15,
1783,RGZ_J033305.6-272407,ARG0003rl0,53.27388,-27.40197,8,8,1.0,1,1,25.7,180.0,3362.44,11.27,0.11,
1786,RGZ_J032735.9-274115,ARG0003rl2,51.90016,-27.68655,27,34,0.79,1,1,20.5,86.4,3411.82,2.84,0.08,
1787,RGZ_J032742.0-274229,ARG0003rl2,51.92483,-27.70827,27,34,0.79,1,1,37.5,455.4,3411.82,269.02,0.17,
1788,RGZ_J032738.7-274141,ARG0003rl2,51.91129,-27.69485,27,34,0.79,1,1,27.3,199.8,3411.82,11.29,0.11,
1815,RGZ_J033302.5-275645,ARG0003rlc,53.26122,-27.94538,24,32,0.75,1,1,24.2,176.76,3443.46,10.43,0.11,6617
1816,RGZ_J033306.2-275643,ARG0003rlc,53.27674,-27.94457,42,63,0.67,1,1,17.4,91.08,3443.46,3.35,0.08,
1817,RGZ_J033122.3-284706,ARG0003rld,52.84313,-28.78525,42,62,0.68,1,1,23.0,160.92,3354.32,9.45,0.1,
1818,RGZ_J033124.9-284653,ARG0003rld,52.85388,-28.78166,42,62,0.68,1,1,13.7,61.92,3354.32,2.16,0.06,
1823,RGZ_J033143.3-281505,ARG0003rle,52.93111,-28.25157,23,32,0.72,1,1,7.7,22.68,3527.31,0.75,0.04,
1824,RGZ_J033144.6-281515,ARG0003rle,52.93628,-28.25488,23,32,0.72,1,1,10.5,33.12,3527.31,1.1,0.05,
1858,RGZ_J033202.8-275613,ARG0003rlp,53.01185,-27.93685,25,33,0.76,1,1,24.2,175.68,3397.71,9.85,0.11,
1870,RGZ_J033109.8-275225,ARG0003rlt,52.7911,-27.87416,26,35,0.74,1,1,28.2,213.84,3721.8,13.72,0.13,
1871,RGZ_J033111.4-275256,ARG0003rlt,52.79777,-27.88261,26,35,0.74,1,1,20.0,117.36,3721.8,5.73,0.1,
1893,RGZ_J033134.3-280721,ARG0003rm1,52.89279,-28.12211,19,29,0.66,1,1,13.9,55.8,3474.81,1.93,0.06,
1894,RGZ_J033138.2-280810,ARG0003rm1,52.90954,-28.13685,19,29,0.66,1,1,24.1,159.12,3474.81,9.42,0.1,
1925,RGZ_J033353.9-275548,ARG0003rme,53.47483,-27.93032,23,32,0.72,1,1,26.6,212.76,3549.01,14.27,0.12,
1986,RGZ_J033102.5-272636,ARG0003rmy,52.76091,-27.44332,39,58,0.67,1,1,7.5,14.76,3418.54,0.42,0.03,
1987,RGZ_J033100.0-272653,ARG0003rmy,52.74995,-27.4479,39,58,0.67,1,1,26.9,202.32,3418.54,10.94,0.12,
1988,RGZ_J033059.6-272607,ARG0003rmy,52.74911,-27.43544,39,58,0.67,1,1,15.6,72.72,3418.54,2.47,0.07,
1991,RGZ_J033034.6-284117b,ARG0003rn0,52.64444,-28.68891,23,31,0.74,1,1,20.3,117.0,3849.38,5.73,0.1,
1992,RGZ_J033038.3-284210a,ARG0003rn0,52.65979,-28.70302,23,31,0.74,1,1,27.1,196.56,3849.38,12.26,0.13,
2017,RGZ_J032722.1-272521,ARG0003rn8,51.84239,-27.42242,9,9,1.0,1,1,27.2,185.4,3454.74,11.61,0.11,
2056,RGZ_J033330.3-282345,ARG0003rnm,53.37681,-28.39547,20,30,0.67,1,1,10.7,46.08,3953.56,2.1,0.06,
2058,RGZ_J033217.6-285231,ARG0003rnn,53.07381,-28.87582,23,29,0.79,1,1,26.7,234.72,3257.44,11.88,0.12,
2059,RGZ_J033215.6-285148,ARG0003rnn,53.0656,-28.86392,23,29,0.79,1,1,9.4,29.88,3257.44,0.88,0.04,
2133,RGZ_J032912.5-274715,ARG0003roe,52.30214,-27.78725,47,65,0.72,1,1,16.4,71.28,3197.8,2.38,0.06,
2134,RGZ_J032910.6-274741,ARG0003roe,52.29429,-27.79491,47,65,0.72,1,1,15.1,63.36,3197.8,2.18,0.06,
2135,RGZ_J032913.5-274742,ARG0003roe,52.30639,-27.79503,47,65,0.72,1,1,24.6,162.72,3197.8,8.2,0.1,
2136,RGZ_J032917.0-274819,ARG0003roe,52.32158,-27.80494,26,32,0.81,1,1,14.1,53.28,3197.8,1.6,0.06,
2147,RGZ_J032701.3-283738,ARG0003roi,51.75581,-28.62675,24,35,0.69,1,1,19.8,151.2,3552.36,9.16,0.1,
2148,RGZ_J032659.7-283644,ARG0003roi,51.74943,-28.6124,24,35,0.69,1,1,24.8,179.64,3552.36,10.86,0.11,
2149,RGZ_J032655.7-283553,ARG0003roi,51.73203,-28.5978,24,35,0.69,1,1,12.5,55.08,3552.36,1.86,0.06,
2214,RGZ_J032707.5-282255,ARG0003rp3,51.78102,-28.3815,23,29,0.79,1,1,33.3,307.08,3580.9,30.18,0.15,
2215,RGZ_J032712.7-282258,ARG0003rp3,51.80348,-28.38265,23,29,0.79,1,1,15.7,63.0,3580.9,2.41,0.07,
2216,RGZ_J032710.9-282249,ARG0003rp3,51.7953,-28.37949,23,29,0.79,1,1,28.0,213.12,3580.9,11.66,0.12,
2224,RGZ_J033549.6-272908,ARG0003rp6,53.95712,-27.48621,6,6,1.0,1,1,22.7,161.28,3321.62,8.59,0.1,
2225,RGZ_J033053.3-283115,ARG0003rp7,52.72244,-28.52092,38,56,0.68,1,1,26.2,182.16,3204.88,10.7,0.1,
2226,RGZ_J033050.9-283115,ARG0003rp7,52.71216,-28.52087,38,56,0.68,1,1,27.2,213.12,3204.88,11.87,0.11,
2235,RGZ_J033139.1-272311,ARG0003rpb,52.91319,-27.3866,20,29,0.69,1,1,26.2,170.64,3732.43,9.8,0.12,
2236,RGZ_J032659.1-285129,ARG0003rpc,51.74625,-28.85862,7,7,1.0,1,1,25.9,228.6,3397.72,12.66,0.12,
2280,RGZ_J032910.2-274127,ARG0003rpq,52.29275,-27.69087,19,29,0.66,1,1,8.6,25.2,3570.16,0.8,0.04,
2281,RGZ_J032907.4-274136,ARG0003rpq,52.28094,-27.69425,19,29,0.66,1,1,29.8,205.92,3570.16,10.55,0.12,
2282,RGZ_J032906.5-274156,ARG0003rpq,52.27733,-27.69902,19,29,0.66,1,1,5.8,9.36,3570.16,0.27,0.03,
2365,RGZ_J033335.2-274550,ARG0003rqj,53.3971,-27.7638,58,67,0.87,1,1,23.6,177.48,3466.0,9.14,0.11,
2366,RGZ_J033333.1-274602,ARG0003rqj,53.38795,-27.76733,58,67,0.87,1,1,14.7,67.68,3466.0,2.38,0.07,
2387,RGZ_J033313.1-274930,ARG0003rqp,53.30498,-27.82535,21,32,0.66,1,1,23.8,121.32,3544.49,8.09,0.09,
2390,RGZ_J033316.5-275039,ARG0003rqp,53.31878,-27.84347,21,32,0.66,1,1,25.6,236.16,3544.49,15.36,0.13,
2405,RGZ_J032953.7-273658,ARG0003rqv,52.47346,-27.61541,6,6,1.0,1,1,35.5,251.64,3427.41,12.94,0.13,
2408,RGZ_J033433.8-283625,ARG0003rqx,53.64134,-28.60692,21,30,0.7,1,1,25.1,180.0,3541.02,9.26,0.11,
2409,RGZ_J033435.4-283631,ARG0003rqx,53.64801,-28.60901,21,30,0.7,1,1,6.7,13.68,3541.02,0.42,0.03,
2426,RGZ_J033132.5-281054,ARG0003rr3,52.88541,-28.182,44,56,0.79,1,1,22.2,145.44,3789.8,8.4,0.11,
2427,RGZ_J033128.9-281025,ARG0003rr3,52.87055,-28.17375,44,56,0.79,1,1,19.6,101.88,3789.8,4.52,0.09,
2447,RGZ_J032702.3-284453,ARG0003rr8,51.7602,-28.7479,23,33,0.7,1,1,29.7,219.96,3392.39,12.23,0.12,
2448,RGZ_J032705.3-284534,ARG0003rr8,51.77237,-28.75969,23,33,0.7,1,1,14.3,59.4,3392.39,1.92,0.06,
2452,RGZ_J032938.9-273534,ARG0003rrb,52.41208,-27.59289,24,32,0.75,1,1,14.1,50.76,3510.19,1.69,0.06,
2453,RGZ_J032941.9-273459,ARG0003rrb,52.42463,-27.58293,24,32,0.75,1,1,21.0,134.64,3510.19,6.62,0.1,
2461,RGZ_J032613.9-283617,ARG0003rrd,51.55823,-28.60395,6,6,1.0,1,1,29.1,210.6,3393.75,11.32,0.12,
2493,RGZ_J033137.6-272551,ARG0003rro,52.90712,-27.43089,10,10,1.0,1,1,26.3,200.88,3735.56,10.99,0.13,
2518,RGZ_J033155.7-284004,ARG0003rs0,52.98249,-28.66832,28,36,0.78,1,1,23.3,132.12,3403.54,6.41,0.09,1059
2519,RGZ_J033157.4-284041,ARG0003rs0,52.98935,-28.67622,28,36,0.78,1,1,44.3,351.72,3403.54,27.53,0.15,
2529,RGZ_J032701.8-282949,ARG0003rs5,51.75764,-28.49704,23,32,0.72,1,1,11.6,43.56,3349.21,1.37,0.05,
2530,RGZ_J032700.9-282851,ARG0003rs5,51.75379,-28.48102,23,32,0.72,1,1,10.0,27.36,3349.21,0.85,0.04,
2531,RGZ_J032704.3-282942,ARG0003rs5,51.76858,-28.49452,23,32,0.72,1,1,26.1,198.72,3349.21,10.02,0.11,
2537,RGZ_J033243.0-281840,ARG0003rs7,53.1792,-28.31195,27,36,0.75,1,1,13.8,66.6,3569.43,2.57,0.07,
2539,RGZ_J033140.6-272939,ARG0003rs8,52.9192,-27.49422,7,7,1.0,1,1,28.1,191.52,3563.0,10.65,0.12,
2545,RGZ_J032637.4-280143,ARG0003rsb,51.65607,-28.02833,49,67,0.73,1,1,21.9,127.8,3558.53,6.21,0.1,
2546,RGZ_J032636.5-280145,ARG0003rsb,51.65216,-28.02935,49,67,0.73,1,1,11.3,37.8,3558.53,1.26,0.05,
2552,RGZ_J033023.0-281807a,ARG0003rse,52.59609,-28.30042,22,32,0.69,1,1,35.4,368.64,4144.9,28.31,0.19,
2610,RGZ_J032620.3-283639,ARG0003rsx,51.58458,-28.61193,4,6,0.67,1,1,34.0,271.8,3279.12,12.62,0.13,
2639,RGZ_J032756.8-272418,ARG0003rta,51.98697,-27.40517,37,50,0.74,1,1,20.0,106.92,3602.39,4.31,0.09,
2640,RGZ_J032755.9-272329,ARG0003rta,51.9834,-27.3912,37,50,0.74,1,1,24.9,171.36,3602.39,8.62,0.11,
2675,RGZ_J032939.0-285157,ARG0003rtm,52.41296,-28.86521,9,9,1.0,1,1,23.7,146.16,3532.99,7.35,0.1,
2676,RGZ_J032905.2-284412,ARG0003rtn,52.27194,-28.73657,18,27,0.67,1,1,13.5,42.84,3344.68,1.33,0.05,
2677,RGZ_J032902.0-284324,ARG0003rtn,52.25854,-28.7232,18,27,0.67,1,1,23.9,141.12,3344.68,7.73,0.09,
2678,RGZ_J032657.1-275946,ARG0003rto,51.73824,-27.99542,18,26,0.69,1,1,9.5,22.32,3368.53,0.66,0.04,
2679,RGZ_J032658.3-275954,ARG0003rto,51.74347,-27.9978,18,26,0.69,1,1,25.6,190.8,3368.53,10.64,0.11,
2683,RGZ_J032939.2-284403,ARG0003rtr,52.4136,-28.73357,32,33,0.97,1,1,24.9,156.96,3666.89,8.37,0.11,
2707,RGZ_J032906.1-282325,ARG0003ru1,52.2759,-28.39148,25,32,0.78,1,1,18.1,120.6,3581.42,6.83,0.09,
2708,RGZ_J032912.4-282420,ARG0003ru1,52.30168,-28.40573,25,32,0.78,1,1,21.7,124.2,3581.42,5.75,0.09,3140
2716,RGZ_J033544.2-280927,ARG0003ru4,53.93443,-28.1579,8,8,1.0,1,1,27.9,208.44,3411.48,11.37,0.12,
2744,RGZ_J033553.3-272740b,ARG0003ruk,53.97212,-27.45895,21,32,0.66,1,1,42.4,709.56,3433.35,2186.88,0.22,
2745,RGZ_J033551.9-272652a,ARG0003ruk,53.96717,-27.44709,21,32,0.66,1,1,23.9,151.2,3433.35,7.22,0.1,
2750,RGZ_J032700.2-272037,ARG0003rul,51.75225,-27.34259,27,32,0.84,1,1,15.7,81.36,3174.14,2.48,0.07,
2751,RGZ_J032701.1-272054,ARG0003rul,51.75479,-27.34842,27,32,0.84,1,1,18.8,89.28,3174.14,2.96,0.07,4870
2752,RGZ_J032657.1-272205,ARG0003rul,51.73818,-27.36777,27,32,0.84,1,1,7.0,14.4,3174.14,0.39,0.03,
2754,RGZ_J032700.1-272125,ARG0003rul,51.75041,-27.35718,27,32,0.84,1,1,20.9,129.24,3174.14,5.54,0.09,4869
2765,RGZ_J033426.5-272110,ARG0003run,53.61073,-27.3523,38,56,0.68,1,1,24.6,158.76,3542.61,8.21,0.11,
2766,RGZ_J033430.7-272125,ARG0003run,53.62821,-27.35732,38,56,0.68,1,1,17.6,88.2,3542.61,3.52,0.08,
2768,RGZ_J032643.1-274727,ARG0003ruo,51.67958,-27.78852,22,31,0.71,1,1,34.2,477.36,3358.64,206.03,0.17,
2769,RGZ_J032640.5-274632,ARG0003ruo,51.66891,-27.77527,22,31,0.71,1,1,21.7,129.6,3358.64,6.34,0.09,
2770,RGZ_J032644.5-274603,ARG0003ruo,51.68554,-27.76718,22,31,0.71,1,1,13.4,51.84,3358.64,1.75,0.06,
2782,RGZ_J033330.9-283453,ARG0003rup,53.37852,-28.58321,25,33,0.76,1,1,61.2,1037.16,4147.71,118.68,0.32,
2786,RGZ_J033305.8-272836,ARG0003rut,53.27438,-27.47573,8,8,1.0,1,1,29.2,214.92,3311.54,10.35,0.11,
2819,RGZ_J032711.0-283357,ARG0003rv4,51.79582,-28.566,8,8,1.0,1,1,23.8,166.32,3409.92,8.23,0.1,
2832,RGZ_J032840.5-284933,ARG0003rv8,52.16899,-28.82552,6,6,1.0,1,1,22.4,135.0,3707.95,6.87,0.1,
2851,RGZ_J033441.5-283846,ARG0003rvf,53.67289,-28.64605,8,8,1.0,1,1,21.4,140.04,3667.64,6.44,0.1,
2870,RGZ_J033541.2-283414,ARG0003rvo,53.92212,-28.57,18,26,0.69,1,1,27.4,190.44,3641.19,10.23,0.12,
2871,RGZ_J033542.9-283348,ARG0003rvo,53.92859,-28.56477,18,26,0.69,1,1,30.8,213.84,3641.19,12.63,0.13,
2878,RGZ_J033055.0-285405,ARG0003rvr,52.72941,-28.90185,22,33,0.67,1,1,21.8,130.68,3368.21,6.61,0.09,
2879,RGZ_J033050.9-285310,ARG0003rvr,52.71229,-28.88718,22,33,0.67,1,1,18.2,129.96,3368.21,5.93,0.09,
2899,RGZ_J033136.5-273126,ARG0003rvu,52.90226,-27.52396,41,61,0.67,1,1,25.0,152.64,3744.18,7.77,0.11,
2900,RGZ_J033140.4-273101,ARG0003rvu,52.91845,-27.51668,41,61,0.67,1,1,13.8,48.96,3744.18,1.75,0.06,
2908,RGZ_J033430.3-284953,ARG0003rvx,53.62687,-28.82943,25,34,0.74,1,1,37.5,204.12,3325.64,8.59,0.11,
2909,RGZ_J033428.6-284913,ARG0003rvx,53.61927,-28.82066,25,34,0.74,1,1,11.4,39.24,3325.64,1.23,0.05,
2923,RGZ_J033358.0-285118,ARG0003rw7,53.49228,-28.85482,21,31,0.68,1,1,23.6,167.4,3350.46,7.89,0.1,
2924,RGZ_J033440.1-282012,ARG0003rw6,53.66754,-28.33684,45,63,0.71,1,1,21.1,129.24,3504.32,6.01,0.09,
2925,RGZ_J033443.4-282038,ARG0003rw6,53.68113,-28.3435,45,63,0.71,1,1,24.0,140.76,3504.32,6.33,0.1,
2959,RGZ_J032916.2-284327,ARG0003rwg,52.31747,-28.72443,24,29,0.83,1,1,27.2,172.44,3099.09,8.44,0.1,
2960,RGZ_J032912.3-284333,ARG0003rwg,52.30095,-28.72587,24,29,0.83,1,1,21.8,103.32,3099.09,3.57,0.07,
2966,RGZ_J032631.7-280535,ARG0003rwh,51.63203,-28.09323,28,33,0.85,1,1,26.6,178.2,3327.44,8.88,0.11,
2967,RGZ_J032627.7-280552,ARG0003rwh,51.61597,-28.09759,28,33,0.85,1,1,7.4,18.36,3327.44,0.52,0.03,
2968,RGZ_J033340.9-283846,ARG0003rwm,53.42042,-28.64624,22,30,0.73,1,1,9.3,29.52,3412.65,0.9,0.04,
2969,RGZ_J033337.0-283827,ARG0003rwm,53.40473,-28.64173,22,30,0.73,1,1,26.0,185.76,3412.65,8.43,0.11,
2970,RGZ_J032617.4-284159,ARG0003rwl,51.57284,-28.69981,44,64,0.69,1,1,27.2,190.8,3307.63,9.84,0.11,
2971,RGZ_J032614.7-284206,ARG0003rwl,51.56124,-28.70233,44,64,0.69,1,1,21.3,150.84,3307.63,6.96,0.1,
2982,RGZ_J033009.2-273407,ARG0003rwq,52.53856,-27.56921,19,29,0.66,1,1,21.2,129.6,3079.8,6.27,0.08,
2996,RGZ_J033132.8-280116,ARG0003rwy,52.88667,-28.02113,2,2,1.0,1,1,21.5,151.56,3507.15,7.88,0.1,
3018,RGZ_J032714.1-285047,ARG0003rx7,51.80886,-28.84687,20,26,0.77,1,1,11.6,37.08,3286.3,1.16,0.05,
3019,RGZ_J032713.3-285203,ARG0003rx7,51.80533,-28.86653,20,26,0.77,1,1,12.7,61.92,3286.3,2.24,0.06,
3020,RGZ_J032712.6-285103,ARG0003rx7,51.80289,-28.85119,20,26,0.77,1,1,22.4,144.72,3286.3,6.64,0.09,
3024,RGZ_J033113.5-275523,ARG0003rx8,52.80941,-27.9245,24,36,0.67,1,1,66.2,1144.44,3883.48,451.94,0.31,
3036,RGZ_J033543.6-275712,ARG0003rxf,53.93206,-27.95347,38,53,0.72,1,1,13.7,55.08,3520.85,2.0,0.06,
3037,RGZ_J033540.9-275737,ARG0003rxf,53.92105,-27.96033,38,53,0.72,1,1,21.8,135.72,3520.85,6.04,0.1,
3101,RGZ_J032639.5-272117,ARG0003ry1,51.66447,-27.35444,8,8,1.0,1,1,19.5,117.0,3210.93,5.1,0.08,
3113,RGZ_J032821.0-282055,ARG0003ry5,52.08784,-28.34834,24,34,0.71,1,1,19.6,105.48,4038.99,5.14,0.1,
3258,RGZ_J033128.9-280705,ARG0003rzg,52.87062,-28.11804,21,31,0.68,1,1,20.1,120.6,3572.22,6.07,0.09,
3259,RGZ_J033128.2-280708,ARG0003rzg,52.86778,-28.11898,21,31,0.68,1,1,13.3,50.4,3572.22,1.82,0.06,
3264,RGZ_J033029.7-283842,ARG0003rzh,52.62408,-28.64556,22,32,0.69,1,1,22.5,136.08,3507.86,6.42,0.1,
3265,RGZ_J033030.5-283918,ARG0003rzh,52.62723,-28.655,22,32,0.69,1,1,17.0,66.24,3507.86,2.32,0.07,
3266,RGZ_J033028.6-283939,ARG0003rzh,52.6195,-28.66034,22,32,0.69,1,1,15.3,45.36,3507.86,1.39,0.06,
3277,RGZ_J033407.4-273703,ARG0003rzp,53.53092,-27.61728,19,29,0.66,1,1,27.8,211.68,3689.08,10.33,0.13,
3284,RGZ_J033239.4-275301,ARG0003rzo,53.16439,-27.88382,46,60,0.77,1,1,21.2,135.0,3340.21,6.31,0.09,
3285,RGZ_J033237.7-275212,ARG0003rzo,53.15723,-27.87015,68,94,0.72,1,1,16.3,78.84,3340.21,3.05,0.07,
3286,RGZ_J033215.9-273438,ARG0003rzr,53.06493,-27.57882,20,28,0.71,1,1,36.6,356.04,3362.88,16.2,0.15,
3287,RGZ_J033211.6-273413,ARG0003rzr,53.04896,-27.57094,20,28,0.71,1,1,17.9,97.92,3362.88,3.56,0.08,
3328,RGZ_J033447.8-282010,ARG0003s05,53.69937,-28.33609,24,33,0.73,1,1,14.3,51.12,3650.76,2.08,0.06,
3334,RGZ_J033127.8-281027,ARG0003s08,52.86571,-28.17419,21,28,0.75,1,1,10.2,24.12,3355.8,0.72,0.04,
3367,RGZ_J032806.0-283057,ARG0003s0h,52.02559,-28.51517,6,6,1.0,1,1,23.0,141.48,3482.75,7.15,0.1,
3368,RGZ_J033055.8-280619,ARG0003s0m,52.73278,-28.10493,26,36,0.72,1,1,23.6,170.28,3564.01,8.3,0.11,
3402,RGZ_J033314.5-281407,ARG0003s0z,53.31231,-28.23404,22,28,0.79,1,2,35.0,269.64,3602.31,12.25,0.14,
3403,RGZ_J033313.6-281313,ARG0003s0z,53.30658,-28.2205,22,28,0.79,1,1,27.2,156.96,3602.31,6.96,0.11,
3404,RGZ_J033319.0-281432,ARG0003s0z,53.32914,-28.24265,22,28,0.79,1,1,28.9,247.68,3602.31,18.65,0.13,
3463,RGZ_J033033.2-283709,ARG0003s1c,52.63878,-28.6192,19,28,0.68,1,1,21.3,126.0,3479.79,6.54,0.09,
3464,RGZ_J033036.1-283759,ARG0003s1c,52.65045,-28.63314,19,28,0.68,1,1,12.9,55.8,3479.79,1.75,0.06,
3478,RGZ_J033026.6-284452,ARG0003s1p,52.61102,-28.74828,30,34,0.88,1,1,21.3,137.88,3224.08,6.7,0.09,
3482,RGZ_J033227.1-282753,ARG0003s1j,53.11238,-28.46592,6,6,1.0,1,1,27.1,160.92,3598.89,7.74,0.11,
3499,RGZ_J032706.1-283102,ARG0003s1y,51.77585,-28.51683,8,8,1.0,1,1,25.4,144.0,3193.81,6.27,0.09,
3505,RGZ_J033354.9-284103,ARG0003s1s,53.47909,-28.68467,48,69,0.7,1,1,14.1,64.44,3355.51,2.4,0.06,
3506,RGZ_J033342.4-281923,ARG0003s1t,53.42702,-28.32344,21,31,0.68,1,1,20.8,117.0,3285.2,4.97,0.08,
3539,RGZ_J033030.8-284213,ARG0003s26,52.62848,-28.70266,22,33,0.67,1,1,17.6,95.04,3680.39,4.08,0.08,
3540,RGZ_J033034.6-284117a,ARG0003s26,52.64444,-28.68843,22,33,0.67,1,1,24.4,141.12,3680.39,6.6,0.1,
3541,RGZ_J033038.3-284210b,ARG0003s26,52.65971,-28.70216,22,33,0.67,1,1,24.0,177.48,3680.39,11.34,0.12,
3544,RGZ_J033209.1-285501,ARG0003s27,53.0384,-28.91674,21,31,0.68,1,1,26.7,150.48,3218.94,6.95,0.09,
3555,RGZ_J032710.0-283245,ARG0003s2a,51.79273,-28.54543,7,7,1.0,1,1,30.5,229.32,3412.87,11.29,0.12,
3587,RGZ_J032824.9-282722,ARG0003s2f,52.10377,-28.45641,36,54,0.67,1,1,17.9,92.52,3771.27,3.89,0.09,
3588,RGZ_J032826.5-282728,ARG0003s2f,52.11103,-28.45729,36,54,0.67,1,1,15.2,67.32,3771.27,2.59,0.07,
3620,RGZ_J033041.1-282725,ARG0003s3i,52.67134,-28.45715,8,8,1.0,1,1,24.6,138.96,4011.59,6.27,0.11,
3629,RGZ_J033428.5-280936,ARG0003s3n,53.61882,-28.15925,23,31,0.74,1,1,21.3,114.84,3299.24,5.44,0.08,
3630,RGZ_J033426.2-280942,ARG0003s3n,53.60989,-28.16129,23,31,0.74,1,1,16.8,83.52,3299.24,3.05,0.07,
3633,RGZ_J033505.9-284552,ARG0003s38,53.77472,-28.76484,22,30,0.73,1,1,14.5,54.72,3128.53,1.65,0.05,
3634,RGZ_J033503.6-284626,ARG0003s38,53.76578,-28.77556,22,30,0.73,1,1,29.9,179.28,3128.53,7.26,0.1,
3688,RGZ_J033000.7-284224,ARG0003s49,52.50291,-28.70661,22,32,0.69,1,1,22.2,137.16,3344.6,5.65,0.09,
3689,RGZ_J033003.3-284256,ARG0003s49,52.51393,-28.71582,22,32,0.69,1,1,9.2,24.48,3344.6,0.74,0.04,
3719,RGZ_J033523.1-272645,ARG0003s4l,53.84647,-27.44553,21,30,0.7,1,1,10.5,28.08,3317.09,0.84,0.04,
3720,RGZ_J033524.5-272559,ARG0003s4l,53.85303,-27.43414,21,30,0.7,1,1,42.1,291.96,3317.09,12.49,0.13,
3721,RGZ_J033522.8-272518,ARG0003s4l,53.84487,-27.42184,21,30,0.7,1,1,7.3,16.92,3317.09,0.49,0.03,
3739,RGZ_J033051.1-281237,ARG0003s4v,52.71307,-28.21121,26,36,0.72,1,1,30.4,206.28,3050.26,9.13,0.1,
3762,RGZ_J033446.3-275803,ARG0003s41,53.6932,-27.96693,22,33,0.67,1,1,16.5,71.64,3666.86,3.05,0.07,
3828,RGZ_J033420.2-273404,ARG0003s54,53.58452,-27.56814,22,32,0.69,1,1,22.6,141.84,3716.5,6.26,0.1,
3829,RGZ_J033424.2-273455,ARG0003s54,53.601,-27.58116,22,32,0.69,1,1,26.5,226.44,3716.5,13.82,0.13,
3830,RGZ_J033035.1-280337a,ARG0003s5p,52.64623,-28.06065,21,31,0.68,1,1,30.2,339.12,3192.38,37.29,0.14,
3835,RGZ_J033325.0-283202,ARG0003s4n,53.35483,-28.53351,4,4,1.0,1,1,29.6,175.32,3122.46,7.15,0.1,
3857,RGZ_J033550.7-280047,ARG0003s5z,53.96151,-28.01356,16,24,0.67,1,1,19.1,74.52,3606.22,2.62,0.07,
3858,RGZ_J033549.1-275958,ARG0003s5z,53.9545,-27.99945,16,24,0.67,1,1,36.3,250.92,3606.22,11.71,0.14,
3868,RGZ_J032813.7-274859,ARG0003s50,52.05743,-27.81563,22,32,0.69,1,1,13.4,65.52,3559.83,2.26,0.07,
3869,RGZ_J032812.0-274832,ARG0003s50,52.05036,-27.80835,22,32,0.69,1,1,9.3,27.36,3559.83,0.88,0.04,
3870,RGZ_J032812.9-274806,ARG0003s50,52.05378,-27.802,22,32,0.69,1,1,18.4,93.24,3559.83,4.48,0.08,
3897,RGZ_J033519.4-282611,ARG0003s5s,53.83105,-28.43674,26,34,0.76,1,1,18.3,110.88,3521.4,4.67,0.09,
3898,RGZ_J032900.2-273756,ARG0003s6e,52.251,-27.63229,24,35,0.69,1,1,24.3,225.72,3822.5,47.17,0.14,
3906,RGZ_J032852.6-283248,ARG0003s5v,52.21908,-28.54716,6,6,1.0,1,1,17.6,82.08,3992.39,3.78,0.09,
3951,RGZ_J032914.8-272320,ARG0003s6c,52.31169,-27.38907,25,33,0.76,1,1,67.8,1223.65,4075.78,993.81,0.34,
3952,RGZ_J032912.2-272237,ARG0003s6c,52.30154,-27.37751,25,33,0.76,1,1,12.3,43.56,4075.78,1.72,0.06,
3968,RGZ_J032806.2-275241,ARG0003s6j,52.02616,-27.87748,17,26,0.65,1,1,18.2,88.2,3717.5,3.94,0.08,
3969,RGZ_J032809.5-275158,ARG0003s6j,52.03973,-27.86623,17,26,0.65,1,1,21.9,99.36,3717.5,3.63,0.09,
4012,RGZ_J033421.4-281050,ARG0003s7k,53.59008,-28.17896,18,26,0.69,1,2,43.7,416.52,3110.71,21.22,0.15,
4054,RGZ_J032715.3-273739,ARG0003s7h,51.81441,-27.62822,15,23,0.65,1,1,23.9,150.48,3276.58,5.98,0.1,
4065,RGZ_J033204.5-285022,ARG0003s72,53.01908,-28.8391,6,6,1.0,1,1,20.6,118.44,3567.84,4.98,0.09,
4077,RGZ_J032713.1-283506,ARG0003s7p,51.80456,-28.58587,22,30,0.73,1,1,12.3,35.64,3289.36,1.01,0.05,
4078,RGZ_J032717.2-283512,ARG0003s7p,51.82174,-28.58646,38,54,0.7,1,1,16.8,82.08,3289.36,3.29,0.07,
4079,RGZ_J032718.9-283541,ARG0003s7p,51.82894,-28.59504,38,54,0.7,1,1,24.4,138.24,3289.36,5.48,0.09,
4083,RGZ_J033214.0-281832,ARG0003s89,53.05855,-28.30988,7,7,1.0,1,1,23.6,153.0,3588.19,6.82,0.1,
4098,RGZ_J033110.9-275810,ARG0003s7c,52.79748,-27.96933,22,31,0.71,1,1,29.3,239.04,3736.71,11.7,0.14,
4099,RGZ_J033112.5-275718,ARG0003s7c,52.80243,-27.95544,22,31,0.71,1,1,18.9,96.48,3736.71,4.5,0.09,
4133,RGZ_J033216.6-280423,ARG0003s8b,53.06978,-28.0725,21,31,0.68,1,1,16.8,64.8,3118.73,2.03,0.06,
4134,RGZ_J033215.8-280347,ARG0003s8b,53.06622,-28.06418,21,31,0.68,1,1,24.8,148.68,3118.73,5.82,0.09,
4147,RGZ_J032654.0-285248,ARG0003s8x,51.72548,-28.87998,6,6,1.0,1,1,16.4,84.24,3338.76,3.33,0.07,
4168,RGZ_J032736.9-280547,ARG0003s8l,51.90399,-28.09577,19,29,0.66,1,1,11.1,42.84,3704.8,1.7,0.06,
4169,RGZ_J032738.8-280451,ARG0003s8l,51.91175,-28.08041,19,29,0.66,1,1,16.9,81.72,3704.8,3.55,0.08,
4175,RGZ_J032728.8-284119,ARG0003s82,51.87038,-28.68857,7,7,1.0,1,1,19.6,113.76,3577.69,5.12,0.09,
4181,RGZ_J033549.6-284757,ARG0003s99,53.95732,-28.79972,6,6,1.0,1,1,18.9,100.08,3369.76,4.33,0.08,
4182,RGZ_J033352.6-283520,ARG0003s9b,53.46963,-28.58812,21,31,0.68,1,1,7.5,11.88,3792.54,0.38,0.03,
4186,RGZ_J033447.8-283539,ARG0003s8r,53.69923,-28.59603,22,31,0.71,1,1,24.7,122.4,3652.51,4.31,0.1,
4187,RGZ_J033446.0-283523,ARG0003s8r,53.69197,-28.58987,22,31,0.71,1,1,18.8,95.4,3652.51,4.01,0.08,
4193,RGZ_J032722.1-283550,ARG0003s8u,51.84194,-28.59734,16,24,0.67,1,1,11.5,25.56,3504.5,0.78,0.04,
4230,RGZ_J033107.6-271918,ARG0003s9p,52.78148,-27.3218,24,29,0.83,1,1,30.0,258.12,3569.37,19.27,0.14,1145
4285,RGZ_J033302.1-284032,ARG0003sa9,53.25877,-28.67618,21,32,0.66,1,1,22.2,141.12,3235.65,6.1,0.09,1696
4286,RGZ_J033305.3-284114,ARG0003sa9,53.27218,-28.68789,21,32,0.66,1,1,7.1,16.92,3235.65,0.47,0.03,1696
4287,RGZ_J033301.4-284054,ARG0003sa9,53.25627,-28.68237,21,32,0.66,1,1,15.0,64.8,3235.65,2.07,0.06,1696
4288,RGZ_J033303.2-284020,ARG0003sa9,53.26343,-28.67238,21,32,0.66,1,1,25.6,200.88,3235.65,13.74,0.11,1696
4367,RGZ_J032854.3-280014,ARG0003say,52.22769,-28.00251,20,30,0.67,1,1,27.3,166.68,3702.37,6.77,0.11,1003
4385,RGZ_J033109.6-281118,ARG0003sal,52.79025,-28.18847,6,6,1.0,1,1,19.2,114.12,3468.91,4.9,0.09,
4394,RGZ_J032900.4-280103,ARG0003s9l,52.25164,-28.0184,24,31,0.77,1,1,21.8,175.68,3491.62,15.73,0.11,
4395,RGZ_J032857.4-280156,ARG0003s9l,52.23905,-28.03229,24,31,0.77,1,1,20.8,111.96,3491.62,4.84,0.09,
4408,RGZ_J033409.9-275212,ARG0003sau,53.5415,-27.8711,20,30,0.67,1,1,39.0,500.04,3438.55,175.79,0.18,
4411,RGZ_J033340.2-274141,ARG0003sac,53.41864,-27.69439,13,18,0.72,1,1,21.6,149.04,3469.24,6.63,0.1,
4412,RGZ_J033336.6-274224,ARG0003sac,53.4031,-27.70689,13,18,0.72,1,1,24.2,171.36,3469.24,7.33,0.11,
4431,RGZ_J033005.7-280445,ARG0003sbo,52.52401,-28.0793,39,59,0.66,1,1,20.0,106.92,3200.61,4.01,0.08,
4432,RGZ_J033002.0-280431,ARG0003sbo,52.50899,-28.07516,39,59,0.66,1,1,18.8,93.6,3200.61,3.55,0.07,
4433,RGZ_J033005.2-280414,ARG0003sbo,52.52219,-28.07109,39,59,0.66,1,1,8.4,22.32,3200.61,0.62,0.04,
4456,RGZ_J032825.6-282628,ARG0003sbb,52.10691,-28.44212,18,24,0.75,1,1,12.9,60.12,3701.32,3.16,0.07,
4479,RGZ_J033448.9-284025,ARG0003sb1,53.70422,-28.67517,7,7,1.0,1,1,27.1,152.64,3250.78,6.29,0.1,
4539,RGZ_J033410.8-280333,ARG0003scn,53.54505,-28.05943,20,30,0.67,1,1,12.7,51.12,3333.31,1.65,0.06,
4540,RGZ_J033407.1-280240,ARG0003scn,53.52938,-28.04452,20,30,0.67,1,1,22.9,149.76,3333.31,6.8,0.1,
4573,RGZ_J033233.5-275228,ARG0003scf,53.13945,-27.87459,45,66,0.68,1,1,15.5,66.96,3639.99,2.83,0.07,
4575,RGZ_J033237.2-275127,ARG0003scf,53.15506,-27.85785,23,32,0.72,1,1,16.1,62.64,3639.99,2.28,0.07,
4584,RGZ_J033537.6-283723,ARG0003sd3,53.90649,-28.62324,8,8,1.0,1,1,17.1,93.96,3214.17,3.86,0.07,
4594,RGZ_J033233.9-283011,ARG0003s9t,53.14176,-28.50358,45,64,0.7,1,1,23.2,113.76,3600.24,4.84,0.09,
4595,RGZ_J033229.9-283041,ARG0003s9t,53.12475,-28.51125,45,64,0.7,1,1,18.3,91.8,3600.24,4.2,0.08,
4613,RGZ_J033452.2-283153,ARG0003sdc,53.71731,-28.53163,22,33,0.67,1,1,18.9,107.64,3752.27,4.93,0.09,
4661,RGZ_J032723.6-275908,ARG0003sd8,51.84848,-27.98564,21,32,0.66,1,1,20.1,111.6,3450.7,4.88,0.09,
4662,RGZ_J032719.8-275822,ARG0003sd8,51.83244,-27.97191,21,32,0.66,1,1,14.7,32.4,3450.7,0.99,0.05,
4668,RGZ_J032650.8-275411,ARG0003sdv,51.71202,-27.90246,20,29,0.69,1,1,13.3,38.52,3211.83,1.12,0.05,
4669,RGZ_J032658.1-275414,ARG0003sdv,51.74212,-27.90349,20,29,0.69,1,1,24.2,56.88,3211.83,2.46,0.06,
4670,RGZ_J032653.6-275445,ARG0003sdv,51.72354,-27.91314,20,29,0.69,1,1,18.8,92.16,3211.83,3.86,0.07,
4696,RGZ_J032727.0-272524,ARG0003sdj,51.86267,-27.42393,7,7,1.0,1,1,24.6,135.72,3408.07,5.58,0.09,
4710,RGZ_J033239.2-280310,ARG0003se7,53.16467,-28.05306,23,31,0.74,1,1,19.0,117.36,3358.19,4.42,0.09,
4711,RGZ_J033238.3-280406b,ARG0003se7,53.15973,-28.06811,23,31,0.74,1,1,13.9,58.32,3358.19,1.8,0.06,
4724,RGZ_J032812.9-281604,ARG0003sdt,52.05402,-28.2679,23,32,0.72,1,1,6.7,11.16,3263.24,0.3,0.03,
4725,RGZ_J032814.2-281656,ARG0003sdt,52.05952,-28.28208,23,32,0.72,1,1,21.6,123.12,3263.24,4.88,0.09,
4735,RGZ_J032832.0-273743,ARG0003sdw,52.13352,-27.62853,22,32,0.69,1,1,6.6,10.8,3601.05,0.33,0.03,
4736,RGZ_J032830.1-273618,ARG0003sdw,52.12542,-27.60581,22,32,0.69,1,1,19.2,112.32,3601.05,5.68,0.09,
4737,RGZ_J032829.9-273740,ARG0003sdw,52.12472,-27.6285,22,32,0.69,1,1,17.3,61.56,3601.05,2.05,0.07,
4738,RGZ_J032826.5-273747,ARG0003sdw,52.11082,-27.63056,22,32,0.69,1,1,14.4,55.08,3601.05,1.92,0.06,
4745,RGZ_J033115.8-272723,ARG0003sdf,52.81606,-27.45623,24,36,0.67,1,1,23.1,145.44,3524.45,6.39,0.1,
4746,RGZ_J033112.3-272814,ARG0003sdf,52.80153,-27.47094,24,36,0.67,1,1,16.3,72.72,3524.45,2.92,0.07,
4747,RGZ_J033111.7-272704,ARG0003sdf,52.79887,-27.45143,24,36,0.67,1,1,10.3,27.0,3524.45,0.86,0.04,
4784,RGZ_J033329.0-283035,ARG0003see,53.37118,-28.5094,7,7,1.0,1,1,16.6,69.12,3733.52,2.7,0.07,
4815,RGZ_J033244.8-283502,ARG0003seq,53.18714,-28.58331,22,31,0.71,1,1,6.9,11.52,4148.33,0.4,0.03,
4816,RGZ_J033243.0-283418,ARG0003seq,53.17914,-28.57172,22,31,0.71,1,1,27.4,214.92,4148.33,10.17,0.14,
4834,RGZ_J032604.9-284145,ARG0003sez,51.52079,-28.69674,25,34,0.74,1,1,31.7,121.32,3595.27,9.06,0.09,
4835,RGZ_J032609.1-284233,ARG0003sez,51.53827,-28.70909,25,34,0.74,1,1,19.6,93.24,3595.27,4.02,0.08,
4846,RGZ_J033043.4-275122,ARG0003sf2,52.68173,-27.85552,44,65,0.68,1,1,25.5,136.44,3177.52,5.78,0.09,
4847,RGZ_J033047.9-275126,ARG0003sf2,52.69934,-27.85672,44,65,0.68,1,1,19.8,102.96,3177.52,3.77,0.08,
4910,RGZ_J032649.7-284310,ARG0003sfp,51.7069,-28.71954,19,28,0.68,1,1,6.4,12.24,3378.07,0.34,0.03,2085
4939,RGZ_J033331.6-274001,ARG0003sex,53.38189,-27.66749,47,64,0.73,1,1,24.2,177.48,3308.12,6.45,0.1,
4940,RGZ_J033333.1-273932,ARG0003sex,53.38813,-27.65971,47,64,0.73,1,1,21.3,111.6,3308.12,4.4,0.08,
4941,RGZ_J033328.9-273957,ARG0003sex,53.37104,-27.66556,47,64,0.73,1,1,15.6,85.32,3308.12,2.79,0.07,
4950,RGZ_J033124.7-282707,ARG0003sfj,52.85328,-28.45197,16,22,0.73,1,1,19.2,88.92,3824.69,3.74,0.09,
4951,RGZ_J033126.2-282649,ARG0003sfj,52.85975,-28.44631,16,22,0.73,1,1,7.4,14.04,3824.69,0.44,0.03,
4971,RGZ_J032914.1-271354,ARG0003sga,52.30866,-27.23308,34,34,1.0,1,1,23.5,102.96,3032.44,3.53,0.07,
4984,RGZ_J032835.7-273504,ARG0003sgf,52.14861,-27.58446,22,31,0.71,1,1,28.3,342.72,3328.56,122.68,0.15,
5002,RGZ_J033408.0-272349,ARG0003sh4,53.53307,-27.3968,23,35,0.66,1,2,36.6,202.68,3093.27,7.84,0.1,
5005,RGZ_J032710.5-282009,ARG0003sgl,51.79274,-28.33676,22,32,0.69,1,1,26.3,160.56,3291.56,6.02,0.1,
5048,RGZ_J032933.4-272128,ARG0003sh1,52.38944,-27.35785,7,7,1.0,1,1,20.1,104.4,3433.64,4.17,0.08,
5106,RGZ_J032912.6-285137,ARG0003shk,52.30274,-28.85973,29,31,0.94,1,1,19.9,93.24,3511.61,3.75,0.08,
5111,RGZ_J032735.8-273024,ARG0003si7,51.89923,-27.50685,22,33,0.67,1,1,15.7,56.52,3427.86,1.95,0.06,
5112,RGZ_J032733.6-273055,ARG0003si7,51.89035,-27.51528,22,33,0.67,1,1,10.4,33.48,3427.86,1.06,0.05,
5113,RGZ_J032732.0-273106,ARG0003si7,51.88345,-27.51837,22,33,0.67,1,1,19.9,95.76,3427.86,3.84,0.08,
5122,RGZ_J033309.2-285340,ARG0003shq,53.28861,-28.89428,19,26,0.73,1,1,18.9,101.52,3431.2,4.24,0.08,
5123,RGZ_J033311.6-285401,ARG0003shq,53.29883,-28.89993,19,26,0.73,1,1,15.9,68.76,3431.2,2.33,0.07,
5126,RGZ_J033157.7-274208,ARG0003shs,52.99022,-27.70232,8,8,1.0,1,1,18.6,96.12,3727.1,3.92,0.09,
5144,RGZ_J033042.6-275058,ARG0003shf,52.67756,-27.84944,23,34,0.68,1,1,15.5,59.4,3324.36,2.1,0.06,
5199,RGZ_J032659.5-275021,ARG0003sj4,51.74869,-27.83864,9,9,1.0,1,1,17.4,87.12,3407.4,3.35,0.08,
5205,RGZ_J033129.8-281817,ARG0003sio,52.87406,-28.30474,28,32,0.88,1,1,66.4,984.96,5340.6,876.69,0.4,
5234,RGZ_J033013.5-272355,ARG0003sj1,52.55622,-27.39879,25,35,0.71,1,1,17.8,97.92,3379.65,3.73,0.08,
5236,RGZ_J032923.2-283454,ARG0003sj3,52.34692,-28.58178,25,31,0.81,1,1,24.7,174.96,3883.89,10.38,0.12,1622
5237,RGZ_J032921.3-283444,ARG0003sj3,52.33927,-28.57959,25,31,0.81,1,1,11.0,32.76,3883.89,1.18,0.05,1622
5255,RGZ_J033331.7-280318,ARG0003sj9,53.38199,-28.05518,21,32,0.66,1,1,16.9,84.6,3221.1,2.96,0.07,
5256,RGZ_J033334.5-280400,ARG0003sj9,53.39373,-28.0669,21,32,0.66,1,1,5.8,13.32,3221.1,0.36,0.03,
5277,RGZ_J032935.5-272002,ARG0003sk0,52.39828,-27.33391,20,30,0.67,1,1,17.9,73.8,3393.25,2.71,0.07,
5278,RGZ_J032933.9-271952,ARG0003sk0,52.39179,-27.33099,20,30,0.67,1,1,10.8,34.2,3393.25,1.04,0.05,
5279,RGZ_J032932.7-271907,ARG0003sk0,52.38619,-27.31877,20,30,0.67,1,1,11.7,34.56,3393.25,1.02,0.05,
5298,RGZ_J033021.7-284844,ARG0003sk8,52.59053,-28.81028,7,7,1.0,1,1,31.1,138.96,3250.27,4.93,0.09,
5308,RGZ_J033142.2-273113,ARG0003sjt,52.92595,-27.52075,26,34,0.76,1,1,9.6,20.16,3599.24,0.62,0.04,
5321,RGZ_J033404.2-285447,ARG0003sjy,53.51777,-28.91391,8,8,1.0,1,1,18.9,100.8,3516.45,4.18,0.08,
5383,RGZ_J032851.0-280344,ARG0003ski,52.2128,-28.06211,22,32,0.69,1,1,17.2,74.16,3172.9,2.63,0.06,
5384,RGZ_J032847.1-280336,ARG0003ski,52.19655,-28.06093,22,32,0.69,1,1,13.3,42.12,3172.9,1.27,0.05,
5403,RGZ_J033030.9-274631,ARG0003skn,52.62879,-27.77511,8,8,1.0,1,1,20.3,123.48,3167.82,4.84,0.08,
5404,RGZ_J033117.9-272848,ARG0003sko,52.82438,-27.48004,9,9,1.0,1,1,28.9,194.76,3489.82,7.36,0.12,
5486,RGZ_J033024.7-273903,ARG0003sli,52.60278,-27.65026,21,31,0.68,1,1,17.7,115.56,3530.37,6.03,0.09,
5489,RGZ_J033532.6-280123,ARG0003slj,53.88614,-28.02312,8,8,1.0,1,1,17.7,79.56,3423.09,2.86,0.07,
5497,RGZ_J033356.1-282629,ARG0003slm,53.48397,-28.44116,23,34,0.68,1,1,14.3,58.32,3533.1,2.07,0.06,
5498,RGZ_J033355.6-282651,ARG0003slm,53.48172,-28.44746,23,34,0.68,1,1,18.9,93.96,3533.1,3.63,0.08,
5511,RGZ_J033515.0-274848,ARG0003slr,53.81283,-27.81221,8,8,1.0,1,1,20.4,86.76,3373.93,3.05,0.07,
5512,RGZ_J033228.2-285210,ARG0003smc,53.11805,-28.86989,6,6,1.0,1,1,17.8,102.24,3391.34,3.83,0.08,
5513,RGZ_J032659.8-273859,ARG0003slt,51.74923,-27.64969,7,7,1.0,1,1,17.3,90.72,3352.01,3.61,0.08,
5551,RGZ_J033132.2-284157,ARG0003smd,52.88491,-28.69846,23,31,0.74,1,1,12.1,41.76,3455.6,1.37,0.05,
5552,RGZ_J033130.5-284230,ARG0003smd,52.87719,-28.70867,23,31,0.74,1,1,14.0,63.0,3455.6,2.23,0.06,
5574,RGZ_J033222.8-273212,ARG0003sm3,53.09529,-27.53645,25,31,0.81,1,1,11.8,25.56,3771.87,0.9,0.05,
5575,RGZ_J033218.5-273115,ARG0003sm3,53.07746,-27.52065,25,31,0.81,1,1,8.2,17.64,3771.87,0.57,0.04,
5576,RGZ_J033218.4-273148,ARG0003sm3,53.07684,-27.53017,25,31,0.81,1,1,18.0,111.24,3771.87,4.38,0.09,
5580,RGZ_J033135.1-273508,ARG0003smr,52.89664,-27.58593,7,7,1.0,1,1,17.7,71.64,3505.27,2.8,0.07,
5592,RGZ_J033234.1-283537,ARG0003sm8,53.14213,-28.59365,32,36,0.89,1,1,37.3,499.32,3577.64,28.8,0.19,
5605,RGZ_J033152.1-273926,ARG0003smz,52.96761,-27.65724,23,33,0.7,1,1,32.7,260.64,3368.43,35.43,0.13,
5606,RGZ_J033156.2-274001,ARG0003smz,52.98477,-27.66706,23,33,0.7,1,1,18.4,91.08,3368.43,3.29,0.08,
5607,RGZ_J032717.9-272351,ARG0003sn0,51.82475,-27.39686,25,29,0.86,1,1,16.0,72.0,3941.72,2.78,0.08,5956
5615,RGZ_J033359.1-275759,ARG0003sn3,53.49604,-27.96629,25,31,0.81,1,1,17.1,84.96,3480.43,3.18,0.08,
5616,RGZ_J033356.7-275735,ARG0003sn3,53.48701,-27.95914,25,31,0.81,1,1,6.7,9.72,3480.43,0.28,0.03,
5617,RGZ_J032918.4-271956,ARG0003sn4,52.32709,-27.33232,4,4,1.0,1,1,15.1,78.84,3212.02,2.67,0.07,
5623,RGZ_J033328.4-273938,ARG0003sm1,53.36861,-27.66134,25,30,0.83,1,1,13.7,47.88,3577.05,1.6,0.06,
5659,RGZ_J032856.7-272607,ARG0003so1,52.23635,-27.43553,8,8,1.0,1,1,16.4,86.76,3369.3,3.41,0.07,
5671,RGZ_J032831.6-272725,ARG0003so9,52.13159,-27.45679,23,33,0.7,1,1,17.7,73.44,3303.76,2.36,0.07,
5672,RGZ_J032835.0-272730,ARG0003so9,52.14583,-27.45911,23,33,0.7,1,1,22.7,122.4,3303.76,4.52,0.09,
5673,RGZ_J033026.9-280236,ARG0003so8,52.61249,-28.04362,22,32,0.69,1,1,8.4,19.8,3521.37,0.61,0.04,
5674,RGZ_J033028.4-280148,ARG0003so8,52.61882,-28.0304,22,32,0.69,1,1,13.9,55.44,3521.37,2.04,0.06,
5691,RGZ_J033228.6-281316,ARG0003snx,53.11952,-28.22065,20,28,0.71,1,1,7.3,9.36,3351.61,0.26,0.02,
5692,RGZ_J033231.4-281253,ARG0003snx,53.13115,-28.2147,20,28,0.71,1,1,17.4,91.08,3351.61,3.46,0.08,
5693,RGZ_J033229.6-281329,ARG0003snx,53.1238,-28.22555,20,28,0.71,1,1,11.6,32.04,3351.61,0.95,0.04,
5696,RGZ_J033207.3-275120,ARG0003snf,53.03019,-27.85644,8,8,1.0,1,1,19.3,115.92,3518.11,4.78,0.09,
5709,RGZ_J032906.9-280429,ARG0003soq,52.27914,-28.07444,21,29,0.72,1,1,21.9,106.56,3210.52,3.79,0.08,
5718,RGZ_J033010.7-283025,ARG0003sno,52.545,-28.5069,4,4,1.0,1,1,17.5,87.84,3332.61,3.12,0.07,
5757,RGZ_J033152.7-281818,ARG0003sok,52.9699,-28.30561,28,34,0.82,1,1,19.2,94.68,3423.42,3.56,0.08,
5758,RGZ_J033157.2-281742,ARG0003sok,52.98811,-28.2948,28,34,0.82,1,1,9.7,32.04,3423.42,0.99,0.05,
5832,RGZ_J033510.3-285549,ARG0003spx,53.7932,-28.93108,8,10,0.8,1,1,21.8,99.0,2984.16,3.93,0.07,
5852,RGZ_J033256.7-282845,ARG0003spk,53.23667,-28.48032,17,25,0.68,1,1,11.5,47.88,3791.77,1.95,0.06,
5854,RGZ_J033256.1-282947,ARG0003spk,53.23454,-28.49551,17,25,0.68,1,1,20.4,105.48,3791.77,4.27,0.09,4620
5855,RGZ_J033256.7-283034,ARG0003spk,53.23611,-28.50952,17,25,0.68,1,1,24.9,211.68,3791.77,23.37,0.13,
5917,RGZ_J032812.7-280807,ARG0003sq5,52.05248,-28.13495,7,7,1.0,1,1,14.8,75.24,3351.75,2.88,0.07,
5925,RGZ_J033402.7-284800,ARG0003squ,53.51145,-28.80002,21,31,0.68,1,1,14.9,66.96,3736.25,2.56,0.07,
5926,RGZ_J033358.6-284829,ARG0003squ,53.49435,-28.80819,21,31,0.68,1,1,22.8,153.36,3736.25,7.92,0.11,
5951,RGZ_J033251.0-281337,ARG0003sqi,53.21236,-28.22698,23,33,0.7,1,1,9.1,27.72,3421.89,0.81,0.04,
5957,RGZ_J032625.1-280902,ARG0003sql,51.60467,-28.15081,18,25,0.72,1,1,21.1,187.56,3438.16,22.17,0.11,
5958,RGZ_J032627.4-280811,ARG0003sql,51.61423,-28.13621,18,25,0.72,1,1,16.5,86.4,3438.16,3.22,0.08,
5960,RGZ_J033235.4-281859a,ARG0003sqn,53.14798,-28.31646,24,33,0.73,1,1,26.7,208.44,3529.88,14.73,0.12,1131
6011,RGZ_J032710.4-284927,ARG0003sr6,51.79387,-28.8244,7,7,1.0,1,1,16.5,61.56,3301.1,2.17,0.06,
6030,RGZ_J033235.4-281859b,ARG0003srd,53.14798,-28.31739,21,25,0.84,1,1,20.8,159.84,3507.69,12.21,0.1,
6031,RGZ_J033234.5-281938,ARG0003srd,53.14379,-28.32729,21,25,0.84,1,1,8.6,20.16,3507.69,0.61,0.04,1131
6032,RGZ_J033235.5-281952,ARG0003srd,53.14822,-28.33165,21,25,0.84,1,1,15.7,73.44,3507.69,2.72,0.07,1131
6033,RGZ_J033232.1-282038,ARG0003srd,53.13422,-28.34465,21,25,0.84,1,1,28.8,294.12,3507.69,18.85,0.14,
6090,RGZ_J033131.6-282906,ARG0003ss1,52.88219,-28.48529,41,59,0.69,1,1,15.9,72.72,3296.45,2.43,0.07,
6091,RGZ_J033134.4-282917,ARG0003ss1,52.89358,-28.48837,41,59,0.69,1,1,12.7,52.56,3296.45,1.83,0.06,
6092,RGZ_J033133.9-282906,ARG0003ss1,52.89092,-28.48434,41,59,0.69,1,1,16.1,66.96,3296.45,2.13,0.06,
6107,RGZ_J033221.5-285109,ARG0003sr1,53.08998,-28.85237,24,32,0.75,1,1,16.0,84.6,3567.04,3.04,0.08,
6108,RGZ_J032841.0-283021,ARG0003ssa,52.17078,-28.50629,7,7,1.0,1,1,17.4,84.96,3261.64,3.5,0.07,
6165,RGZ_J033358.6-284142,ARG0003st9,53.49434,-28.69466,28,36,0.78,1,1,19.6,99.36,3427.78,4.01,0.08,
6174,RGZ_J033222.7-282930,ARG0003sst,53.09467,-28.49187,6,6,1.0,1,1,19.1,104.76,3322.95,3.97,0.08,
6181,RGZ_J033433.7-273525,ARG0003sth,53.64046,-27.59085,6,6,1.0,1,1,18.1,108.36,3358.25,3.8,0.08,
6192,RGZ_J033514.6-282457,ARG0003sto,53.811,-28.41599,24,33,0.73,1,1,21.9,140.4,3527.0,7.96,0.1,
6194,RGZ_J033513.3-282437,ARG0003sto,53.80515,-28.41036,24,33,0.73,1,1,14.5,60.48,3527.0,1.93,0.06,
6295,RGZ_J033022.6-272803,ARG0003stj,52.59446,-27.46882,6,6,1.0,1,1,15.9,85.68,3481.94,3.14,0.08,
6301,RGZ_J032757.0-284920,ARG0003su5,51.98732,-28.82246,22,33,0.67,1,1,18.6,96.12,3306.27,3.76,0.08,
6314,RGZ_J033351.2-280919,ARG0003suc,53.46317,-28.15507,19,29,0.66,1,1,19.7,95.04,3467.59,3.62,0.08,
6315,RGZ_J033350.7-281011,ARG0003suc,53.46119,-28.16977,19,29,0.66,1,1,8.6,14.76,3467.59,0.43,0.03,
6330,RGZ_J033149.0-275148,ARG0003stz,52.95465,-27.86404,19,28,0.68,1,1,12.1,46.8,3529.08,1.45,0.06,
6331,RGZ_J033151.2-275056,ARG0003stz,52.9637,-27.84852,19,28,0.68,1,1,13.7,55.8,3529.08,2.11,0.06,
6332,RGZ_J033147.6-275013,ARG0003stz,52.94851,-27.83732,19,28,0.68,1,1,14.7,58.68,3529.08,2.16,0.06,
6334,RGZ_J033204.8-274127,ARG0003su1,53.01991,-27.69089,20,29,0.69,1,1,17.5,79.2,3424.77,2.9,0.07,
6335,RGZ_J033208.6-274044,ARG0003su1,53.03564,-27.67912,20,29,0.69,1,1,9.9,27.36,3424.77,0.84,0.04,
6336,RGZ_J033202.1-274128,ARG0003su1,53.00887,-27.69106,20,29,0.69,1,1,5.8,7.92,3424.77,0.22,0.02,
6350,RGZ_J032910.8-280705,ARG0003suq,52.29352,-28.11838,4,4,1.0,1,1,23.5,119.88,3242.18,4.47,0.08,
6388,RGZ_J033052.9-274017,ARG0003svm,52.7207,-27.67186,8,8,1.0,1,1,14.5,55.44,3328.75,1.99,0.06,
6435,RGZ_J033405.5-274636b,ARG0003svi,53.52408,-27.77688,22,33,0.67,1,1,43.4,465.48,4111.68,188.07,0.21,
6436,RGZ_J033409.5-274607a,ARG0003svi,53.54073,-27.76937,22,33,0.67,1,1,13.6,62.28,4111.68,2.45,0.08,
6455,RGZ_J032650.4-282731,ARG0003sv3,51.70961,-28.4587,8,8,1.0,1,1,10.7,36.0,3419.82,1.23,0.05,
6480,RGZ_J033358.9-283504a,ARG0003svu,53.49576,-28.58494,22,33,0.67,1,1,32.2,377.64,3519.4,104.52,0.16,
6482,RGZ_J033306.6-284715,ARG0003svx,53.27799,-28.78698,5,5,1.0,1,1,19.6,90.36,3428.69,3.32,0.08,
6485,RGZ_J033345.4-272733,ARG0003svy,53.43948,-27.45836,9,9,1.0,1,1,17.2,88.92,3403.09,3.16,0.08,
6505,RGZ_J033028.2-272510,ARG0003sw4,52.61812,-27.41927,6,6,1.0,1,1,16.0,71.64,3411.54,2.6,0.07,
6536,RGZ_J033524.3-284942,ARG0003swd,53.85178,-28.82863,23,27,0.85,1,1,15.6,78.48,3811.88,2.95,0.08,
6537,RGZ_J033526.8-284919,ARG0003swd,53.86263,-28.82219,23,27,0.85,1,1,16.2,52.2,3811.88,1.78,0.07,
6622,RGZ_J033033.9-273945,ARG0003swl,52.64138,-27.66258,23,26,0.88,1,1,16.8,71.28,3327.07,2.46,0.07,4291
6645,RGZ_J033238.3-280406a,ARG0003swc,53.1597,-28.06815,25,36,0.69,1,1,10.8,36.72,3725.77,1.19,0.05,
6646,RGZ_J033245.3-280450,ARG0003swc,53.18786,-28.08048,25,36,0.69,1,1,41.1,286.92,3725.77,89.2,0.15,
6647,RGZ_J033240.8-280423,ARG0003swc,53.1703,-28.07357,25,36,0.69,1,1,17.4,75.24,3725.77,2.79,0.08,
