Seq,f_Seq,source_name,RAh,RAm,RAs,DE-,DEd,DEm,DEs,PosRef,z,f_z,F1400,F150,alpha,L_rad,Other,FRI,FRII,WAT,NAT,L_1.4GHz_log
1,,J0001-0826,0,1,15.11,-,8,26,46.2,SDSS,0.33,d,156,,,,,False,False,True,False,25.718119630959748
2,,J0007+0536,0,7,5.88,+,5,36,2.3,EE,,,307,,,,8,True,False,True,False,
3,a,J0017-0149,0,17,32.28,-,1,49,23.7,EE,,,91,,,,,False,True,True,False,
4,,J0020-0950,0,20,8.01,-,9,50,53.3,EE,,,11,,,,1,True,False,True,False,
5,,J0027+0224,0,27,19.11,+,2,24,28.9,2MASX,0.13,*,133,,,,"1, 2",False,False,True,False,24.75957158099634
6,,J0034+1140,3,34,30.5,+,11,40,40.9,SDSS,,,18,,,,,False,False,True,False,
7,,J0035-0834,0,35,3.48,-,8,34,39.2,2MASS,,,387,,,,8,False,True,True,False,
8,,J0041-0651,0,41,10.52,-,6,51,5.2,EE,,,48,,,,1,False,False,True,False,
9,"a,c",J0041+0028,0,41,52.16,+,0,28,34.9,SDSS,0.15,d,94,,,,"13, 15",False,True,True,False,24.74225344985005
10,,J0044+1026,0,44,58.9,+,10,26,44.2,EE,,,226,,,,,False,False,True,False,
11,,J0045-0701,0,45,47.96,-,7,1,40.7,EE,,,123,,,,22,False,True,True,False,
12,,J0046-0805,0,46,36.48,-,8,5,45.6,EE,,,15,,,,1,False,True,True,False,
13,,J0057-0100,0,57,29.38,-,1,0,59.1,EE,,,30,,,,,False,False,True,False,
14,,J0057-0336,0,57,33.71,-,3,36,9.6,2MASX,0.16,d,86,,,,"1, 2, 16",True,False,True,False,24.764135459681576
15,a,J0103+0041,1,3,29.65,+,0,41,1.8,EE,,,155,641.0,-0.63,,,True,False,True,False,
16,"a,d",J0120+0021,1,20,58.94,+,0,21,39.2,EE,,,45,185.0,-0.63,,,False,True,True,False,
17,,J0158-0215,1,58,30.16,-,2,15,30.4,SDSS,0.44,d,23,,,,,False,True,True,False,25.1719040416527
18,d,J0159-0119,1,59,55.52,-,1,19,59.9,EE,,,23,,,,,True,False,True,False,
19,,J0212-0450,2,12,16.55,-,4,50,38.8,EE,,,156,,,,,False,True,True,False,
20,,J0224+0659,2,24,28.64,+,6,59,23.2,EE,,,776,1965.0,-0.41,,,True,False,True,False,
21,,J0229+0429,2,29,2.09,+,4,29,3.3,2MASX,0.19,d,34,,,,"1, 2, 8",False,True,True,False,24.523355764104103
22,,J0233-0321,2,33,17.7,-,3,21,0.6,EE,,,662,,,,4,False,True,True,False,
23,,J0242-0544,2,42,4.91,-,5,44,17.0,2MASX,0.14,d,65,,,,"8, 16",True,False,True,False,24.517591651570125
24,c,J0245-0648,2,45,57.86,-,6,48,55.91,EE,,,29,,,,14,False,False,True,False,
25,a,J0248-0113,2,48,8.57,-,1,13,44.2,SDSS,0.28,d,23,,,,,False,False,True,False,24.726089667202586
26,,J0308-0607,3,8,50.29,-,6,7,37.2,2MASX,,,88,,,,1,False,False,True,False,
27,,J0312-0633,3,12,55.23,-,6,33,43.1,EE,,,170,,,,,False,True,True,False,
28,,J0313-0631,3,13,29.05,-,6,31,19.5,EE,,,87,,,,1,False,False,True,False,
29,,J0318-0810,3,18,0.43,-,8,10,20.5,EE,,,24,,,,,False,False,True,False,
30,a,J0320+0059,3,20,29.23,+,0,59,44.9,EE,,,75,392.0,-0.74,,,True,False,True,False,
31,,J0331-0730,3,31,31.48,-,7,30,1.8,EE,,,56,,,,1,False,True,True,False,
32,,J0332+0024,3,32,36.25,+,0,24,57.2,EE,,,15,58.0,-0.6,,1,True,False,True,False,
33,,J0334+0102,3,34,0.64,+,1,2,15.9,SDSS,0.38,d,6,,,,,False,False,True,False,24.442395298107197
34,,J0335-0719,3,35,48.23,-,7,19,12.5,EE,,,84,,,,,False,True,True,False,
35,,J0703+6014,7,3,11.18,+,60,14,23.1,2MASX,,,54,155.0,-0.47,,1,True,False,True,False,
36,,J0704+6228,7,4,22.2,+,62,28,13.2,EE,,,44,205.0,-0.69,,1,True,False,True,False,
37,,J0715+4829,7,15,19.07,+,48,29,32.0,EE,,,39,,,,,False,False,True,False,
38,,J0717+4405,7,17,26.66,+,44,5,2.3,EE,,,223,770.0,-0.55,,,False,False,True,False,
39,,J0719+5519,7,19,36.64,+,55,19,42.8,EE,,,62,425.0,-0.86,,1,False,False,True,False,
40,,J0723+3323,7,23,59.55,+,33,23,20.2,EE,,,151,525.0,-0.56,,"6, 1, 2",True,False,True,False,
41,,J0724+3639,7,24,19.13,+,36,39,56.7,EE,,,52,168.0,-0.52,,,True,False,True,False,
42,,J0726+3102,7,26,49.96,+,31,2,4.0,2MASX,,,143,887.0,-0.82,,,True,False,True,False,
43,,J0733+4213,7,33,12.73,+,42,13,0.9,EE,,,275,,,,,False,False,True,False,
44,a,J0734+2933,7,34,6.21,+,29,33,16.5,EE,,,106,610.0,-0.78,,,True,False,True,False,
45,,J0736+1857,7,36,17.12,+,18,57,10.2,2MASX,,,139,994.0,-0.88,,"1, 2",True,False,True,False,
46,a,J0741+2620,7,41,1.2,+,26,20,36.6,EE,,,10,64.0,-0.83,,,False,False,True,False,
47,,J0744+1658,7,44,59.31,+,16,58,59.7,EE,,,41,107.0,-0.43,,1,False,True,True,False,
48,,J0744+4353,7,44,42.18,+,43,53,7.8,EE,,,17,59.0,-0.56,,1,True,False,True,False,
49,,J0748+2324,7,48,45.09,+,23,24,45.7,SDSS,0.19,d,515,3238.0,-0.82,7.48,,False,False,True,False,25.708972363400516
50,,J0748+4849,7,48,30.52,+,48,49,55.1,EE,,,12,,,,1,False,False,True,False,
51,,J0750+1741,7,50,49.8,+,17,41,41.9,EE,,,79,460.0,-0.79,,2,False,True,True,False,
52,,J0750+5841,7,50,18.3,+,58,41,36.3,2MASX,,,46,200.0,-0.66,,"1, 6",True,False,True,False,
53,,J0750+5856,7,50,5.16,+,58,56,59.4,GALEX,,,92,,,,,True,False,True,False,
54,a,J0752+3750,7,52,28.25,+,37,50,56.7,EE,,,380,2557.0,-0.85,,4,False,True,True,False,
55,,J0755+1909,7,55,11.29,+,19,9,36.9,SDSS,0.31,d,35,132.0,-0.59,2.0,20,True,False,True,False,24.988978033081782
56,,J0757+5824,7,57,38.3,+,58,24,37.5,2MASX,,,19,,,,1,False,False,True,False,
57,"a,c",J0806+2531,8,6,11.29,+,25,31,37.8,EE,,,129,,,,,False,False,True,False,
58,,J0811+1029,8,11,40.88,+,10,29,27.3,2MASX,,,81,469.0,-0.78,,1,False,False,True,False,
59,,J0813+4347,8,13,0.11,+,43,47,48.6,2MASX,0.13,d,337,,,,"6, 13",False,False,True,False,25.163349840900594
60,,J0814+4300,8,14,3.34,+,43,0,12.9,EE,,,64,294.0,-0.68,,,False,False,True,False,
61,,J0815+3840,8,15,12.34,+,38,40,45.4,2MASX,0.13,d,500,3313.0,-0.85,3.18,13,False,True,True,False,25.339997788713614
62,c,J0816+5716,8,16,59.33,+,57,16,28.8,2MASX,0.2,d,143,718.0,-0.72,2.58,"1, 2, 6",False,True,True,False,25.19358856108487
63,,J0818+3858,8,18,22.16,+,38,58,40.4,EE,,,52,276.0,-0.74,,,False,False,True,False,
64,c,J0818+4956,8,18,0.73,+,49,56,11.8,SDSS,0.28,d,125,1144.0,-0.99,4.25,"1, 20",False,True,True,False,25.48700223690854
65,,J0819+1849,8,19,1.55,+,18,49,18.2,EE,,,59,358.0,-0.81,,1,False,False,True,False,
66,d,J0819+3332,8,19,28.7,+,33,32,47.4,EE,,,6,40.0,-0.85,,,False,False,True,False,
67,,J0820+3034,8,20,32.51,+,30,34,49.8,EE,,,446,4473.0,-1.03,,6,True,False,True,False,
68,,J0822+1435,8,22,58.44,+,14,35,47.5,EE,,,7,,,,,False,False,True,False,
69,,J0826+0359,8,26,8.51,+,3,59,3.6,SDSS,0.2,d,57,,,,"13, 20",False,True,True,False,24.79650281667373
70,,J0830+0836,8,30,16.63,+,8,36,53.4,EE,,,51,110.0,-0.34,,1,False,True,True,False,
71,,J0831+3914,8,31,8.01,+,39,14,28.1,EE,,,73,,,,1,False,False,True,False,
72,,J0833+1027,8,33,45.45,+,10,27,53.1,2MASX,0.29,d,42,,,,"1, 2",False,True,True,False,25.02177746730005
73,,J0833+4940,8,33,10.17,+,49,40,5.3,2MASX,0.05,d,43,157.0,-0.58,0.05,"1, 13",True,False,True,False,23.396316061821793
74,,J0834+0019,8,34,9.58,+,0,19,48.6,EE,,,28,44.0,-0.2,,,False,False,True,False,
75,d,J0837+6020,8,37,34.89,+,60,20,46.6,EE,,,16,,,,1,False,True,True,False,
76,b,J0839+0609,8,39,13.94,+,6,9,44.9,SDSS,0.41,d,26,60.0,-0.37,4.35,1,True,False,True,False,25.098001359217484
77,,J0840+3826,8,40,10.61,+,38,26,27.5,SDSS,,,120,621.0,-0.74,,,True,False,True,False,
78,c,J0841-0202,8,41,32.0,-,2,3,19.7,EE,,,35,,,,,False,True,True,False,
79,,J0841+1235,8,41,58.63,+,12,35,12.4,SDSS,0.31,d,15,,,,,True,False,True,False,24.639764655092108
80,,J0841+5258,8,41,2.16,+,52,58,54.1,SDSS,0.52,d,27,115.0,-0.65,4.52,1,True,False,True,False,25.39102960364281
81,c,J0844+2129,8,44,45.33,+,21,29,30.7,SDSS,,,120,631.0,-0.74,,,False,True,True,False,
82,,J0844+2606,8,44,33.4,+,26,6,15.1,2MASX,0.11,d,100,251.0,-0.41,0.93,"2, 10, 13",True,False,True,False,24.465821301737783
83,c,J0846-0131,8,46,55.05,-,1,31,42.7,EE,,,28,,,,1,True,False,True,False,
84,,J0847+3147,8,47,58.72,+,31,47,54.3,EE,,,164,,,,,False,True,True,False,
85,,J0851+6227,8,51,59.09,+,62,27,57.5,SDSS,0.92,*,281,1908.0,-0.86,152.79,15,True,False,True,False,27.037575565533924
86,,J0852+5639,8,52,15.76,+,56,39,15.2,SDSS,0.4,d,22,127.0,-0.78,1.75,"1, 20",False,True,True,False,25.061970959611767
87,,J0855+3454,8,55,34.71,+,34,54,30.9,SDSS,,,66,,,,1,False,False,True,False,
88,,J0856+2152,8,56,16.87,+,21,52,52.8,SDSS,0.38,d,40,220.0,-0.76,2.87,1,True,False,True,False,25.267702829915528
89,,J0856+4951,8,56,18.71,+,49,51,6.4,SDSS,0.62,d,37,167.0,-0.67,8.98,1,True,False,True,False,25.707165729534882
90,,J0858+1710,8,58,45.11,+,17,10,3.1,2MASX,0.33,d,66,,,,"2, 20",False,True,True,False,25.344538968147155
91,,J0858+5740,8,58,3.85,+,57,40,13.8,SDSS,0.45,d,62,253.0,-0.63,7.7,"1, 6,  12",False,False,True,False,25.605678182404258
92,,J0859-0251,8,59,54.39,-,2,51,40.0,GALEX,,,404,,,,4,False,False,True,False,
93,,J0900+1614,9,0,31.97,+,16,14,25.6,SDSS,,,48,,,,"14, 21",True,False,True,False,
94,,J0900+5056,9,0,52.57,+,50,56,22.6,2MASX,0.2,d,224,,,,"13, 20",False,True,True,False,25.3908759793354
95,,J0902+1819,9,2,16.3,+,18,19,4.3,EE,,,79,434.0,-0.76,,,True,False,True,False,
96,a,J0903+3230,9,3,0.64,+,32,30,40.7,EE,,,85,,,,,True,False,True,False,
97,,J0904+5834,9,4,57.31,+,58,34,49.9,SDSS,0.27,d,25,,,,"1, 20",True,False,True,False,24.726973994214262
98,,J0907+0234,9,7,4.23,+,2,34,38.1,EE,,,40,160.0,-0.62,,1,True,False,True,False,
99,,J0908+3437,9,8,47.17,+,34,37,39.8,SDSS,0.36,d,16,,,,1,True,False,True,False,24.814856662186767
100,"a,c",J0910+3841,9,10,42.23,+,38,41,25.6,SDSS,,,85,377.0,-0.67,,"15, 20",True,False,True,False,
101,,J0912+0534,9,12,35.82,+,5,33,55.2,EE,,,17,41.0,-0.39,,,False,True,True,False,
102,c,J0912+0944,9,12,4.76,+,9,44,7.4,SDSS,0.24,d,61,,,15.09,1,False,False,True,False,25.000513871502005
103,,J0913+5208,9,13,15.78,+,52,8,55.0,2MASX,0.19,d,227,1537.0,-0.86,3.23,13,True,False,True,False,25.35621287000815
104,,J0916+0808,9,16,47.53,+,8,8,47.9,SDSS,,,38,98.0,-0.42,,"1, 16",True,False,True,False,
105,d,J0916+5844,9,16,8.58,+,58,44,38.1,SDSS,,,790,4426.0,-0.77,,"1, 2, 6",False,True,True,False,
106,,J0917+0350,9,17,23.81,+,3,50,4.4,SDSS,,,32,146.0,-0.68,,1,False,True,True,False,
107,,J0917+4322,9,17,12.29,+,43,22,48.9,SDSS,,,57,229.0,-0.62,,,True,False,True,False,
108,,J0923+0759,9,24,1.47,+,7,58,51.1,EE,,,51,,,,,False,True,True,False,
109,,J0924-0524,9,24,27.17,-,5,24,34.5,EE,,,69,,,,,False,False,True,False,
110,,J0924+0627,9,24,4.91,+,6,27,15.6,SDSS,0.2,d,48,123.0,-0.42,1.53,"1, 13",True,False,True,False,24.695739387181106
111,,J0924+2326,9,24,20.75,+,23,26,33.9,EE,,,32,138.0,-0.65,,,True,False,True,False,
112,,J0925-0557,9,25,31.68,-,5,57,38.5,EE,,,43,,,,1,False,True,True,False,
113,c,J0926+0309,9,26,44.19,+,3,9,19.7,SDSS,0.23,d,112,,,,13,True,False,True,False,25.223474664552455
114,,J0927+4109,9,27,17.98,+,41,9,21.8,EE,,,14,61.0,-0.66,,,False,False,True,False,
115,,J0928-0507,9,28,51.88,-,5,7,17.5,EE,,,139,,,,8,False,True,True,False,
116,,J0933+0600,9,33,24.84,+,6,0,40.1,EE,,,102,472.0,-0.68,,,False,True,True,False,
117,,J0934+1829,9,34,34.29,+,18,29,30.5,2MASX,0.25,d,54,180.0,-0.54,2.15,"1, 13",False,True,True,False,24.96658800136854
118,,J0935-0325,9,35,23.36,-,3,25,47.0,EE,,,128,,,,,False,False,True,False,
119,,J0935+1124,9,35,22.76,+,11,24,57.5,EE,,,34,,,,,False,True,True,False,
120,,J0936-0627,9,36,2.19,-,6,27,59.1,EE,,,106,,,,,False,True,True,False,
121,,J0937+0245,9,37,43.7,+,2,45,40.2,EE,,,31,,,,,False,False,True,False,
122,,J0937+5800,9,37,28.52,+,58,0,13.4,EE,,,20,116.0,-0.79,,1,False,True,True,False,
123,,J0940+1510,9,40,13.55,+,15,10,53.2,SDSS,0.63,d,26,104.0,-0.62,7.02,1,True,False,True,False,25.559350479700463
124,,J0940+4826,9,40,6.91,+,48,26,49.2,SDSS,0.42,d,22,89.0,-0.62,2.35,1,True,False,True,False,25.086364295304925
125,d,J0941+0814,9,41,42.11,+,8,14,0.5,EE,,,38,150.0,-0.61,,,True,False,True,False,
126,,J0941+5751,9,41,46.01,+,57,51,24.2,EE,,,109,,,,,True,False,True,False,
127,,J0943+0611,9,43,9.45,+,6,11,31.8,SDSS,,,9,,,,,False,True,True,False,
128,,J0944-0234,9,44,33.77,-,2,34,16.8,EE,,,45,,,,1,False,True,True,False,
129,,J0946-0705,9,46,29.26,-,7,5,31.3,EE,,,50,,,,1,False,False,True,False,
130,,J0946+3604,9,46,44.44,+,36,4,54.4,EE,,,74,598.0,-0.93,,"6, 13, 14",True,False,True,False,
131,c,J0947+0044,9,47,7.56,+,0,44,16.6,2MASX,0.26,d,57,,,,1,False,True,True,False,25.048334850810086
132,c,J0947+5251,9,47,15.39,+,52,50,57.9,EE,,,52,,,,,False,True,True,False,
133,,J0950-0437,9,50,18.42,-,4,37,40.6,EE,,,18,,,,1,True,False,True,False,
134,"a,c",J0953+2924,9,53,27.88,+,29,24,19.8,EE,,,159,,,,,False,True,True,False,
135,,J0954+4304,9,54,25.87,+,43,4,16.1,SDSS,0.48,d,57,213.0,-0.59,8.7,,False,True,True,False,25.625971925453154
136,,J0954+6241,9,54,55.45,+,62,41,30.2,2MASX,0.23,d,93,468.0,-0.72,2.26,"1, 2, 6, 13",True,False,True,False,25.140042437093026
137,,J0955-0247,9,55,13.5,-,2,47,15.6,SDSS,,,61,,,,,False,True,True,False,
138,,J0955+1102,9,55,51.61,+,11,2,33.4,SDSS,0.28,d,33,127.0,-0.6,1.48,,False,True,True,False,24.866794275615703
139,,J0957-0645,9,57,20.04,-,6,45,7.9,EE,,,12,,,,,False,False,True,False,
140,,J0959-0454,9,59,3.53,-,4,54,9.5,EE,,,70,,,,1,True,False,True,False,
141,,J0959+5641,9,59,56.85,+,56,41,14.6,EE,,,21,77.0,-0.58,,,False,True,True,False,
142,,J0959+5751,9,59,37.65,+,57,51,57.2,2MASX,0.08,d,51,147.0,-0.47,0.21,"1, 7",False,True,True,False,23.888212279752363
143,,J1001+4902,10,1,53.57,+,49,20,33.2,2MASX,,,41,,,,1,False,True,True,False,
144,,J1002+4756,10,2,44.0,+,47,56,20.2,SDSS,,,10,47.0,-0.69,,"1,  15",False,True,True,False,
145,,J1003+3730,10,3,46.59,+,37,30,56.5,2MASX,,,57,206.0,-0.57,,"1, 6, 12",False,False,True,False,
146,,J1005+6022,10,5,1.01,+,60,22,3.8,2MASX,0.23,d,61,221.0,-0.58,1.87,"1, 6, 13",True,False,True,False,24.944302607948345
147,,J1007+2904,10,7,15.78,+,29,40,49.1,EE,,,17,52.0,-0.5,,,True,False,True,False,
148,,J1008+0142,10,8,44.59,+,1,42,11.4,EE,,,178,1040.0,-0.79,,8,False,True,True,False,
149,c,J1009+0337,10,9,43.5,+,3,37,22.7,2MASX,0.11,d,185,,,,15,False,True,True,False,24.74840284292826
150,,J1010-0601,10,10,57.71,-,6,1,25.2,EE,,,31,,,,,True,False,True,False,
151,,J1018+0348,10,18,52.13,+,3,48,56.1,EE,,,13,,,,,False,False,True,False,
152,,J1019+0019,10,19,39.05,+,0,19,46.1,EE,,,53,,,,,False,True,True,False,
153,,J1020+4828,10,20,56.98,+,48,28,30.6,EE,,,208,,,,2,False,True,True,False,
154,,J1021+0024,10,21,41.19,+,0,24,47.6,SDSS,,,26,78.0,-0.49,,1,False,False,True,False,
155,,J1026+3259,10,26,22.33,+,32,59,11.6,2MASX,0.24,d,76,,,,"13, 20",True,False,True,False,25.09599762877203
156,,J1031-0640,10,31,30.66,-,6,40,28.1,EE,,,30,,,,1,False,True,True,False,
157,,J1032+0144,10,32,40.96,+,1,44,30.3,EE,,,37,161.0,-0.66,,,False,False,True,False,
158,"a,b",J1032+3045,10,32,58.75,+,30,45,39.4,SDSS,0.42,d,23,109.0,-0.7,1.67,"1, 7",False,True,True,False,25.11785251805096
159,,J1032+5505,10,32,1.09,+,55,5,54.4,EE,,,10,48.0,-0.7,,1,True,False,True,False,
160,,J1033+0755,10,33,39.59,+,7,55,30.2,EE,,,29,273.0,-1.0,,,False,True,True,False,
161,,J1033+1923,10,33,8.11,+,19,23,55.6,2MASX,0.19,d,30,129.0,-0.65,0.53,"1, 13",False,True,True,False,24.46144340564226
162,,J1035+3406,10,35,11.38,+,34,6,24.6,SDSS,0.53,d,129,461.0,-0.57,25.53,,True,False,True,False,26.07439838116278
163,,J1038+4148,10,38,27.38,+,41,48,43.5,EE,,,48,111.0,-0.37,,,False,False,True,False,
164,c,J1039-0645,10,39,47.12,-,6,45,24.9,2MASS,,,47,,,,,False,True,True,False,
165,a,J1039+3338,10,39,16.34,+,33,38,29.4,SDSS,0.36,d,10,42.0,-0.64,0.74,"1, 20",False,False,True,False,24.596047399610118
166,,J1045+5250,10,45,44.05,+,52,50,17.1,2MASX,0.26,d,29,,,,,False,False,True,False,24.75485799303655
167,,J1046+0538,10,46,43.42,+,5,38,38.8,SDSS,0.3,d,51,253.0,-0.71,2.26,1,False,False,True,False,25.13462157562128
168,,J1046+5434,10,46,41.67,+,54,34,25.2,EE,,,53,,,,1,False,False,True,False,
169,,J1047-0059,10,47,7.57,-,0,59,20.9,EE,,,19,,,,,False,True,True,False,
170,b,J1050+3040,10,50,10.5,+,30,40,0.0,2MASS,0.25,d,58,703.0,-1.12,1.73,17,False,False,True,False,25.05383004265318
171,,J1051+0051,10,51,35.32,+,0,51,33.8,SDSS,2.01,*,21,213.0,-1.04,88.65,1,False,True,True,False,26.807454285065585
172,,J1054+5425,10,54,30.26,+,54,25,5.8,2MASX,0.18,d,92,282.0,-0.5,1.95,"1, 7, 10, 13",False,True,True,False,24.88647148352782
173,,J1103+0356,11,3,32.44,+,3,56,23.8,EE,,,101,,,,,False,True,True,False,
174,,J1105+5943,11,5,24.26,+,59,43,41.9,2MASX,0.36,d,89,504.0,-0.78,5.6,"1, 2, 6, 7",False,True,True,False,25.56413285342686
175,"a,b",J1108+2610,11,8,12.46,+,26,10,33.8,2MASX,0.17,d,122,584.0,-0.7,1.58,"1, 2, 7, 10",True,False,True,False,24.96963371621544
176,,J1112+0346,11,12,44.34,+,3,46,32.5,EE,,,15,,,,,False,True,True,False,
177,,J1114+3625,11,14,1.78,+,34,25,3.2,SDSS,0.57,d,82,,,,,False,True,True,False,25.984358396787286
178,,J1115+0613,11,15,10.07,+,6,13,3.9,EE,,,12,74.0,-0.81,,1,False,True,True,False,
179,,J1116-0435,11,16,6.35,-,4,35,39.4,EE,,,33,,,,1,False,True,True,False,
180,,J1116+4516,11,16,54.16,+,45,16,17.6,2MASX,,,62,276.0,-0.67,,,True,False,True,False,
181,,J1118-0556,11,18,0.7,-,5,56,25.5,EE,,,63,,,,1,False,True,True,False,
182,"a,b,c",J1118+3115,11,18,33.52,+,31,15,16.3,EE,,,324,1998.0,-0.81,,,False,False,True,False,
183,,J1123-0700,11,23,51.34,-,7,0,0.3,GALEX,,,28,183.0,-0.84,,1,False,False,True,False,
184,,J1125+0314,11,25,8.8,+,3,14,52.2,SDSS,,,12,,,,1,True,False,True,False,
185,"a,b",J1125+3618,11,25,23.73,+,36,18,24.3,2MASX,0.28,d,45,,,,1,False,False,True,False,25.017574344960337
186,,J1125+5827,11,25,39.13,+,58,27,34.2,2MASX,0.25,d,20,172.0,-0.96,0.52,1,False,True,True,False,24.575926442672934
187,a,J1126+2638,11,26,30.83,+,26,38,5.5,EE,,,91,330.0,-0.58,,,False,True,True,False,
188,,J1126+5925,11,26,46.63,+,59,25,49.9,EE,,,31,238.0,-0.91,0.87,6,True,False,True,False,
189,,J1129+0550,11,29,2.74,+,5,50,49.9,SDSS,0.32,*,19,43.0,-0.36,1.9,,False,True,True,False,24.726512950695884
190,"a,b",J1130+2524,11,30,48.83,+,25,24,35.6,2MASX,0.14,,96,,,,"1, 13",False,True,True,False,24.68694952796684
191,,J1130+5457,11,30,50.3,+,54,57,44.0,EE,,,20,100.0,-0.72,,1,False,True,True,False,
192,,J1131+0435,11,31,40.91,+,4,35,20.8,EE,,,36,90.0,-0.41,0.4,,False,True,True,False,
193,,J1131-0600,11,31,56.47,-,6,0,12.1,EE,,,88,,,,,False,True,True,False,
194,,J1138+2012,11,38,0.0,+,20,12,22.6,EE,,,64,248.0,-0.61,,,True,False,True,False,
195,,J1138+2039,11,38,50.25,+,20,39,18.4,SDSS,0.18,d,67,267.0,-0.62,1.12,"1, 13",True,False,True,False,24.757384299759828
196,c,J1143+0729,11,43,39.85,+,7,29,59.6,2MASX,0.1,d,70,,,,"13, 15, 20",False,True,True,False,24.238742652527634
197,,J1143+1525,11,43,16.54,+,15,25,13.2,2MASX,,,15,,,,1,False,False,True,False,
198,,J1144-0114,11,44,57.93,-,1,14,34.4,EE,,,32,,,,1,True,False,True,False,
199,,J1144+5833,11,44,48.08,+,58,33,50.4,SDSS,0.34,d,47,,,,,False,True,True,False,25.226458337838828
200,c,J1145-0757,11,45,53.08,-,7,57,53.6,EE,,,51,,,,1,False,True,True,False,
201,,J1146-0504,11,46,21.91,-,5,4,48.2,EE,,,109,,,,,False,False,True,False,
202,,J1147+5421,11,47,28.97,+,54,21,37.3,SDSS,,,70,375.0,-0.75,,"1, 2, 6, 10",True,False,True,False,
203,"a,b",J1148+2332,11,48,33.14,+,23,32,25.9,2MASX,0.18,d,40,160.0,-0.62,0.67,"1, 13, 20",True,False,True,False,24.533369488386963
204,,J1149-0144,11,49,28.17,-,1,44,41.6,EE,,,63,,,,,False,True,True,False,
205,,J1149+3136,11,49,36.32,+,31,36,32.5,EE,,,10,,,,1,False,False,True,False,
206,,J1150+5728,11,50,56.08,+,57,28,6.5,SDSS,0.54,*,16,85.0,-0.75,2.61,"1, 16",True,False,True,False,25.220032397371988
207,"a,c",J1152+3405,11,52,43.66,+,34,5,33.9,EE,,,35,,,,,False,True,True,False,
208,a,J1154+3635,11,54,34.82,+,36,35,39.9,2MASX,0.11,d,42,,,,"1, 6, 13",False,True,True,False,24.104480404923148
209,,J1155-0125,11,55,0.48,-,1,25,52.0,2MASX,,,112,,,,9,True,False,True,False,
210,,J1158+0037,11,58,21.34,+,0,37,8.1,EE,,,22,,,,,False,True,True,False,
211,,J1158+0946,11,58,54.01,+,9,46,31.9,EE,,,20,50.0,-0.41,,1,False,True,True,False,
212,,J1159-0127,11,59,40.93,-,1,27,15.1,EE,,,92,,,,,True,False,True,False,
213,,J1201+3257,12,1,51.87,+,32,57,1.3,EE,,,158,,,,6,False,True,True,False,
214,,J1204+4834,12,4,45.05,+,48,34,59.9,EE,,,29,190.0,-0.84,,,False,True,True,False,
215,a,J1205+3204,12,5,14.01,+,32,4,41.4,EE,,,185,,,,6,False,True,True,False,
216,"a,b",J1209+2420,12,9,38.29,+,24,20,38.4,EE,,,35,134.0,-0.6,,,True,False,True,False,
217,a,J1209+3708,12,9,24.08,+,37,8,49.5,GALEX,,,101,477.0,-0.7,,6,True,False,True,False,
218,,J1210+4812,12,10,28.26,+,48,12,57.5,EE,,,38,216.0,-0.78,,,True,False,True,False,
219,b,J1211+0607,12,11,10.99,+,6,7,44.2,2MASX,0.14,d,36,88.0,-0.4,0.56,13,True,False,True,False,24.24106409772679
220,,J1213-0327,12,13,45.43,-,3,27,9.5,EE,,,26,,,,1,False,True,True,False,
221,,J1213+5612,12,13,18.95,+,56,12,54.1,EE,,,13,,,,1,True,False,True,False,
222,,J1216+0342,12,16,40.13,+,3,42,31.5,2MASX,0.08,d,20,,,,13,True,False,True,False,23.491030750854755
223,,J1219+0014,12,19,5.57,+,0,14,16.4,SDSS,0.41,d,16,,,,1,True,False,True,False,24.943851256711632
224,,J1220+4759,12,20,13.15,+,47,59,46.8,2MASX,0.3,d,56,,,,1,True,False,True,False,25.17979716062182
225,,J1221-0113,12,21,59.88,-,1,13,59.3,SDSS,,,72,,,,,False,True,True,False,
226,,J1221-0108,12,21,59.66,-,1,8,0.8,SDSS,0.24,*,56,,,,,False,True,True,False,24.963372063497438
227,,J1230+1144,12,30,11.43,+,11,44,45.3,EE,,,385,1421.0,-0.58,,,False,True,True,False,
228,,J1232+3130,12,32,11.44,+,31,30,58.1,SDSS,0.35,d,80,320.0,-0.62,5.72,1,True,False,True,False,25.469073231849716
229,,J1233+1928,12,33,16.72,+,19,28,50.4,2MASX,0.23,d,106,452.0,-0.65,2.86,13,False,True,True,False,25.190571996003104
230,a,J1233+3559,12,33,24.51,+,35,59,15.5,EE,,,16,252.0,-1.23,,1,False,False,True,False,
231,,J1235+5625,12,35,7.09,+,56,25,5.6,SDSS,0.39,*,116,631.0,-0.76,,,True,False,True,False,25.75589982010215
232,,J1237+2013,12,37,20.33,+,20,13,52.6,EE,,,19,103.0,-0.76,,1,True,False,True,False,
233,b,J1241+2734,12,41,8.79,+,27,34,47.1,EE,,,177,,,,,False,True,True,False,
234,,J1242+4041,12,42,47.76,+,40,41,44.3,SDSS,0.45,d,43,204.0,-0.7,4.87,,True,False,True,False,25.458050708642038
235,,J1246+5453,12,46,47.53,+,54,53,15.2,2MASX,0.08,d,40,136.0,-0.55,0.14,"1, 13",True,False,True,False,23.785375995421344
236,,J1247+4042,12,47,1.0,+,40,42,2.3,SDSS,,,75,304.0,-0.62,,,True,False,True,False,
237,,J1249+0143,12,49,48.06,+,1,43,19.5,EE,,,77,,,,,False,False,True,False,
238,"a,b",J1249+3038,12,49,42.23,+,30,38,37.9,2MASX,0.19,d,86,,,,13,True,False,True,False,24.926375298305416
239,,J1250-0132,12,50,3.8,-,1,32,25.0,2MASX,0.08,*,384,,,,14,False,True,True,False,24.774331979558305
240,,J1250+0839,12,50,10.59,+,8,39,52.7,SDSS,0.35,d,13,,,,1,False,True,True,False,24.69686998706896
241,,J1250+1133,12,50,13.31,+,11,33,8.0,SDSS,1.29,*,53,280.0,-0.74,65.91,16,True,False,True,False,26.62236215114663
242,,J1251-0123,12,51,18.15,-,1,23,12.5,EE,,,26,,,,,False,False,True,False,
243,,J1253+0604,12,53,26.7,+,6,4,39.7,SDSS,0.000255,d,46,292.0,-0.82,1.47e-05,"1, 2",False,True,True,False,18.817346163322945
244,,J1254+6134,12,54,31.99,+,61,34,5.6,SDSS,,,54,,,,"1, 15",False,True,True,False,
245,,J1255+0152,12,55,17.0,+,1,52,59.5,EE,,,8,,,,,False,True,True,False,
246,,J1256+0125,12,56,22.78,+,1,25,16.0,SDSS,,,164,,,,,False,True,True,False,
247,,J1259+4617,12,59,41.85,+,46,17,39.9,SDSS,0.42,d,13,,,,,True,False,True,False,24.877682451559355
248,,J1300+2916,13,0,58.31,+,29,16,34.2,SDSS,0.52,d,10,171.0,-1.27,2.29,1,True,False,True,False,25.07240886400958
249,,J1301-0649,13,1,35.45,-,6,49,58.1,EE,,,110,,,,,True,False,True,False,
250,c,J1304+1855,13,4,9.29,+,18,55,48.7,2MASX,0.2,d,52,100.0,-0.29,2.31,1,False,False,True,False,24.72020793145413
251,,J1306-0539,13,6,30.4,-,5,39,26.2,EE,,,22,,,,,False,True,True,False,
252,a,J1306+3338,13,6,7.11,+,33,38,13.5,SDSS,0.3,d,22,68.0,-0.5,1.39,"1, 5",True,False,True,False,24.745545976361118
253,c,J1307+5651,13,7,43.7,+,56,51,3.3,2MASX,0.25,d,136,,,,13,False,True,True,False,25.388084252647477
254,,J1308+0829,13,8,36.4,+,8,29,0.7,EE,,,13,66.0,-0.73,,,True,False,True,False,
255,,J1315+0612,13,15,17.25,+,6,12,57.3,SDSS,0.26,*,45,123.0,-0.45,1.8,14,False,True,True,False,24.915561345377668
256,,J1319+5443,13,19,52.38,+,54,43,8.6,SDSS,0.37,d,16,71.0,-0.67,1.21,,True,False,True,False,24.831012635362274
257,,J1320-0341,13,20,31.33,-,3,41,5.6,EE,,,55,,,,,False,True,True,False,
258,,J1321-0637,13,21,40.56,-,6,37,11.5,EE,,,16,,,,1,False,False,True,False,
259,"a,b",J1325+3419,13,25,23.51,+,34,19,24.5,EE,,,23,,,,1,True,False,True,False,
260,,J1327+0007,13,27,57.47,+,0,7,47.4,EE,,,56,,,,,False,True,True,False,
261,,J1329-0511,13,29,23.93,-,5,11,15.2,EE,,,13,,,,1,True,False,True,False,
262,c,J1333-0657,13,33,38.09,-,6,57,56.4,EE,,,32,,,,,False,True,True,False,
263,,J1333+0944,13,33,25.85,+,9,44,31.9,SDSS,0.32,d,24,,,,1,True,False,True,False,24.874994424624944
264,c,J1333+5427,13,33,35.23,+,54,27,43.5,2MASX,0.11,d,183,,,,"2, 6, 13",False,True,True,False,24.743682204255677
265,,J1336+0047,13,36,5.49,+,0,47,26.6,2MASX,0.27,d,59,185.0,-0.51,2.91,,True,False,True,False,25.07497310415494
266,,J1337-0803,13,37,32.72,-,8,3,36.8,EE,,,48,,,,1,False,False,True,False,
267,,J1339-0726,13,39,2.73,-,7,26,43.4,EE,,,63,,,,1,False,False,True,False,
268,,J1340+5439,13,40,48.19,+,54,39,49.4,EE,,,80,243.0,-0.5,,1,False,True,True,False,
269,,J1341-0116,13,41,21.03,-,1,16,14.3,EE,,,25,,,,,False,True,True,False,
270,,J1345-0451,13,45,22.29,-,4,51,49.8,EE,,,61,,,,,False,True,True,False,
271,,J1345+0855,13,45,4.67,+,8,55,7.2,EE,,,14,,,,1,False,True,True,False,
272,,J1345+3655,13,45,54.08,+,36,55,3.1,EE,,,213,1383.0,-0.84,,,False,False,True,False,
273,,J1345+5332,13,45,46.01,+,53,32,48.9,EE,,,434,,,,,False,True,True,False,
274,,J1345+6110,13,45,3.06,+,61,10,31.6,SDSS,0.51,d,19,55.0,-0.47,4.1,,True,False,True,False,25.18693108658753
275,c,J1351-0548,13,51,20.54,-,5,48,50.4,EE,,,349,,,,,False,False,True,False,
276,,J1351+0712,13,51,44.72,+,7,12,17.0,SDSS,,,126,1938.0,-1.19,,,True,False,True,False,
277,,J1353-0732,13,53,30.31,-,7,32,16.7,2MASX,,,26,,,,1,False,True,True,False,
278,,J1354+0528,13,54,42.27,+,5,28,56.1,2MASX,0.08,d,40,112.0,-0.46,0.16,"1, 13, 15",True,False,True,False,23.78236785742752
279,,J1355+1758,13,55,47.13,+,17,58,45.0,SDSS,0.33,d,29,52.0,-0.26,4.05,,True,False,True,False,24.92670572643037
280,,J1359+2808,13,59,5.03,+,28,8,9.9,EE,,,75,383.0,-0.73,,,True,False,True,False,
281,,J1401+0740,14,1,23.41,+,7,40,40.1,SDSS,0.27,d,16,43.0,-0.44,0.78,1,False,False,True,False,24.500974814701802
282,c,J1401+2833,14,1,48.6,+,28,33,17.9,EE,,,105,157.0,-0.18,,,False,True,True,False,
283,,J1401+3256,14,1,8.86,+,32,56,0.5,EE,,,16,115.0,-0.88,,,True,False,True,False,
284,,J1401+5654,14,1,9.98,+,56,54,20.6,SDSS,,,43,,,,,True,False,True,False,
285,,J1406+0211,14,6,5.67,+,2,11,53.9,EE,,,15,45.0,-0.49,,1,True,False,True,False,
286,,J1408+0511,14,8,53.71,+,5,11,24.6,EE,,,8,,,,1,False,True,True,False,
287,,J1408+4540,14,8,6.63,+,45,40,54.6,EE,,,10,,,,,True,False,True,False,
288,,J1410-0636,14,10,55.79,-,6,36,39.5,EE,,,114,,,,,True,False,True,False,
289,,J1410+5846,14,10,54.06,+,58,46,55.4,SDSS,0.48,d,45,201.0,-0.67,6.09,15,True,False,True,False,25.536930520787603
290,,J1411-0731,14,11,38.33,-,7,31,43.6,EE,,,51,,,,,False,True,True,False,
291,,J1411+1048,14,11,29.33,+,10,48,59.1,2MASX,0.16,d,28,106.0,-0.59,0.38,"1, 13",False,True,True,False,24.26648176150392
292,,J1411+4535,14,11,10.93,+,45,35,18.1,EE,,,37,86.0,-0.37,,1,False,False,True,False,
293,,J1412+0043,14,12,20.57,+,0,43,14.9,EE,,,9,,,,,False,False,True,False,
294,,J1412+0153,14,12,51.75,+,1,53,51.4,EE,,,18,131.0,-0.89,,1,True,False,True,False,
295,,J1412+0257,14,12,9.48,+,2,57,51.8,SDSS,,,23,,,,15,False,True,True,False,
296,,J1412+2157,14,12,53.65,+,21,57,43.9,EE,,,38,140.0,-0.58,,1,True,False,True,False,
297,,J1415+2326,14,15,38.85,+,23,26,50.7,EE,,,22,175.0,-0.93,,,True,False,True,False,
298,,J1416+2147,14,16,13.79,+,21,47,42.8,2MASX,0.19,d,11,,,,,True,False,True,False,24.033269532220075
299,,J1417+0114,14,17,52.89,+,1,14,42.7,SDSS,0.38,d,13,,,,,True,False,True,False,24.77818740003039
300,,J1419+4657,14,19,40.16,+,46,57,29.9,SDSS,0.48,d,67,362.0,-0.75,8.27,,True,False,True,False,25.723413746944683
301,c,J1420-0622,14,20,31.37,-,6,22,43.4,EE,,,26,,,,,False,False,True,False,
302,,J1422+0825,14,22,58.9,+,8,25,18.8,EE,,,16,,,,,True,False,True,False,
303,,J1424+0025,14,24,20.2,+,0,25,34.0,EE,,,158,714.0,-0.67,,8,True,False,True,False,
304,b,J1424+0403,14,24,46.46,+,4,3,45.6,SDSS,0.36,d,20,,,,,False,True,True,False,24.911766675194823
305,,J1425+5545,14,25,47.1,+,55,45,26.1,EE,,,47,280.0,-0.8,,1,False,False,True,False,
306,,J1426+4102,14,26,39.46,+,41,2,48.9,SDSS,0.36,d,41,,,,,True,False,True,False,25.223520536250575
307,a,J1429+2336,14,29,19.16,+,23,36,16.7,SDSS,,,83,,,,,False,True,True,False,
308,b,J1433+1913,14,33,20.47,+,19,13,29.0,2MASX,0.21,d,23,,,,"1, 13",False,True,True,False,24.448871664742796
309,,J1435+5507,14,35,28.46,+,55,7,52.1,2MASX,0.14,d,480,3017.0,-0.82,3.59,"2, 6, 13, 16",False,True,True,False,25.38990287189641
310,,J1437+1950,14,37,37.96,+,19,50,11.9,EE,,,70,274.0,-0.61,,,False,True,True,False,
311,,J1438+0926,14,38,7.58,+,9,26,11.7,SDSS,0.33,d,60,213.0,-0.57,4.16,,False,True,True,False,25.280852987614857
312,,J1438+4753,14,38,40.48,+,47,53,56.8,SDSS,,,47,,,,,False,True,True,False,
313,,J1440+1342,14,40,2.86,+,13,42,17.9,SDSS,,,11,,,,,False,True,True,False,
314,,J1443-0111,14,43,47.49,-,1,11,36.9,EE,,,8,,,,,True,False,True,False,
315,,J1443+5201,14,43,2.78,+,52,1,37.3,EE,0.14,d,2541,,,,"1, 2, 10, 14",True,False,True,False,26.10968295997764
316,,J1444-0311,14,44,57.45,-,3,11,51.3,EE,,,370,,,,,False,True,True,False,
317,,J1444-0542,14,44,29.96,-,5,42,48.8,EE,,,70,,,,,True,False,True,False,
318,a,J1445+2951,14,45,12.73,+,29,51,36.9,EE,,,30,141.0,-0.69,,1,True,False,True,False,
319,,J1445+6357,14,45,38.45,+,63,57,33.8,SDSS,0.3,d,22,123.0,-0.77,0.92,,False,True,True,False,24.776310681483963
320,,J1446+1402,14,46,33.83,+,14,2,11.9,2MASX,0.12,d,22,,,78.17,"1, 13",True,False,True,False,23.903960015127957
321,,J1446+4319,14,46,0.93,+,43,19,12.8,SDSS,,,8,51.0,0.83,,,False,False,True,False,
322,,J1448+5944,14,48,38.85,+,59,44,52.0,2MASX,0.28,d,130,465.0,-0.57,6.2,,False,True,True,False,25.459007388955214
323,c,J1450+1447,14,50,1.5,+,14,47,47.7,2MASX,0.3,d,90,,,,1,False,True,True,False,25.385851643054945
324,c,J1450+2728,14,50,22.52,+,27,28,20.5,2MASX,0.12,d,86,280.0,-0.53,0.73,"7, 13, 15",False,True,True,False,24.48520782056188
325,,J1452+0636,14,52,30.11,+,6,36,45.0,EE,,,20,,,,,False,True,True,False,
326,,J1452+1707,14,52,22.84,+,17,7,17.9,SDSS,0.04,d,174,,,,13,False,True,True,False,23.807916015924533
327,b,J1457+0232,14,57,22.66,+,2,32,56.4,2MASX,0.15,d,78,110.0,-0.15,2.79,"1, 13, 16",False,True,True,False,24.624801494728665
328,,J1457+3140,14,57,55.85,+,31,40,57.1,EE,,,73,,,,,False,True,True,False,
329,"a,b",J1459+2754,14,59,0.23,+,27,54,0.8,2MASX,0.23,d,16,,,,"1, 13",True,False,True,False,24.3783766245382
330,,J1501+2134,15,1,28.25,+,21,34,23.8,EE,0.26,d,228,1378.0,-0.8,6.7,"1, 2, 9",False,True,True,False,25.655413369393926
331,,J1504+1409,15,4,43.54,+,14,9,25.8,EE,,,6,,,,,False,False,True,False,
332,,J1505+0253,15,5,50.75,+,2,53,4.6,2MASX,0.05,d,42,89.0,-0.34,0.09,"1, 15",True,False,True,False,23.381011464863324
333,c,J1510+0544,15,10,56.07,+,5,44,41.7,EE,,,552,7719.0,-1.18,,20,True,False,True,False,
334,,J1511+3633,15,11,25.92,+,36,33,36.0,2MASX,0.16,*,144,,,,"13, 16, 20",True,False,True,False,24.987999500533256
335,,J1512+0612,15,12,54.82,+,6,12,11.7,2MASX,0.17,d,28,,,,"1, 13, 20",False,True,True,False,24.333841209970217
336,,J1512+1513,15,12,20.61,+,15,13,51.3,EE,,,66,266.0,-0.62,,1,False,False,True,False,
337,,J1512+3654,15,12,18.26,+,36,54,18.8,2MASX,0.29,d,52,220.0,-0.64,2.36,"1, 16, 20",False,True,True,False,25.102366652404033
338,a,J1520+2329,15,20,1.08,+,23,29,5.2,SDSS,0.48,d,10,48.0,-0.7,1.3,"1, 20",False,True,True,False,24.88882585847411
339,"a,c",J1521+3157,15,21,26.98,+,31,57,33.3,2MASX,0.31,d,82,,,,20,False,True,True,False,25.377487248420145
340,,J1521+5104,15,21,25.02,+,51,4,3.1,EE,,,273,2201.0,-0.93,,1,True,False,True,False,
341,,J1524+1321,15,24,43.44,+,13,21,21.3,EE,,,6,,,,,True,False,True,False,
342,,J1528+0714,15,28,18.54,+,7,14,9.3,SDSS,0.39,d,24,,,,"1, 20",True,False,True,False,25.070222924584296
343,,J1529-0431,15,29,18.88,-,4,31,38.3,EE,,,33,,,,,False,True,True,False,
344,,J1532+0028,15,32,52.09,+,0,28,9.4,SDSS,,,29,,,,,True,False,True,False,
345,,J1532+4658,15,32,1.76,+,46,58,52.8,SDSS,0.32,d,25,51.0,-0.32,2.8,1,False,True,True,False,24.84087640116686
346,,J1533+5700,15,33,46.37,+,57,0,11.9,2MASX,0.22,d,110,449.0,-0.63,2.79,"1, 2, 6, 20",True,False,True,False,25.162657415733232
347,,J1534+0556,15,34,39.48,+,5,56,17.5,SDSS,,,43,125.0,-0.48,,"14, 20",True,False,True,False,
348,,J1536-0201,15,36,44.82,-,2,1,36.8,EE,,,241,,,,1,False,False,True,False,
349,,J1537+4051,15,37,52.75,+,40,51,30.6,EE,,,15,84.0,-0.77,,,False,False,True,False,
350,,J1538+3557,15,38,56.78,+,35,57,9.6,SDSS,,,168,,,,20,True,False,True,False,
351,,J1539-0215,15,39,59.25,-,2,15,10.2,SDSS,,,34,,,,,True,False,True,False,
352,,J1539-0544,15,39,23.41,-,5,44,42.9,EE,,,20,,,,1,True,False,True,False,
353,,J1539+0450,15,39,4.01,+,4,50,56.9,SDSS,0.17,d,8,,,,"1, 13",False,True,True,False,23.78977316561994
354,c,J1545-0249,15,45,48.8,-,2,49,38.6,EE,,,51,,,,,False,True,True,False,
355,,J1548+5813,15,48,26.29,+,58,13,14.0,SDSS,,,455,2630.0,-0.78,,"1, 2, 6, 16",False,False,True,False,
356,,J1550+1200,15,50,34.84,+,12,0,40.8,2MASX,0.3,d,57,190.0,-0.54,3.37,1,True,False,True,False,25.163555885303676
357,,J1551+0609,15,51,40.33,+,6,9,16.7,2MASX,0.31,d,21,77.0,-0.58,1.23,"1, 17, 20",True,False,True,False,24.76595657050887
358,,J1554+5819,15,54,51.41,+,58,19,9.5,EE,,,10,,,,1,True,False,True,False,
359,,J1559-0143,15,59,20.03,-,1,43,33.39,EE,,,52,,,,,True,False,True,False,
360,,J1601+3155,16,1,30.74,+,31,55,32.4,SDSS,,,19,113.0,-0.8,,,True,False,True,False,
361,,J1606+5610,16,6,4.55,+,56,10,44.7,EE,,,17,103.0,-0.81,,,False,False,True,False,
362,,J1607+4825,16,7,28.21,+,48,25,35.2,SDSS,0.97,d,59,378.0,-0.83,220.26,"1, 15",True,False,True,False,26.406099114365126
363,,J1608+0141,16,8,3.55,+,1,41,54.34,EE,,,516,3282.0,-0.83,,,True,False,True,False,
364,,J1609+5844,16,9,29.98,+,58,44,8.0,SDSS,0.39,d,21,70.0,-0.54,2.23,1,True,False,True,False,24.98219786955325
365,,J1616+0926,16,16,53.17,+,9,26,35.7,SDSS,0.2,d,225,1197.0,-0.75,3.94,"13, 20",False,True,True,False,25.3928104791126
366,,J1620+4740,16,20,6.81,+,47,40,45.7,SDSS,,,132,,,,,False,True,True,False,
367,,J1621+1140,16,21,23.34,+,11,40,12.5,EE,,,18,124.0,-0.86,,1,True,False,True,False,
368,a,J1625+3026,16,25,31.8,+,30,26,39.4,EE,,,207,1103.0,-0.75,,,False,True,True,False,
369,,J1625+4456,16,25,23.87,+,44,56,23.4,SDSS,0.4,d,66,240.0,-0.58,6.85,20,False,True,True,False,25.509866607195782
370,,J1625+4813,16,25,12.8,+,48,13,3.4,EE,,,43,166.0,-0.6,,,False,True,True,False,
371,,J1631+0531,16,31,10.28,+,5,31,50.3,2MASX,0.15,d,44,,,,"1, 2, 21",False,True,True,False,24.41257827273654
372,,J1631+0535,16,31,42.43,+,5,35,23.1,EE,,,12,,,,,False,True,True,False,
373,,J1633+1710,16,33,51.11,+,17,10,54.5,SDSS,0.35,d,33,,,,1,False,True,True,False,25.101440574640012
374,b,J1635+2020,16,35,17.08,+,20,20,48.5,2MASX,0.15,d,80,,,,1,True,False,True,False,24.672215583242295
375,,J1635+4309,16,35,16.22,+,43,9,55.9,EE,,,26,,,,,True,False,True,False,
376,,J1641+1004,16,41,8.91,+,10,4,42.3,EE,,,211,1230.0,-0.79,,,True,False,True,False,
377,,J1645+1046,16,45,0.34,+,10,46,40.1,SDSS,,,23,,,,,False,True,True,False,
378,,J1645+5842,16,45,22.51,+,58,42,55.8,EE,,,62,556.0,-0.98,,1,False,False,True,False,
379,"a,b",J1650+3202,16,50,7.71,+,32,2,9.0,SDSS,0.3,d,43,119.0,-0.45,30.3,1,False,True,True,False,25.030894583503155
380,,J1651+3500,16,51,25.35,+,35,0,36.2,EE,,,157,473.0,-0.49,,,True,False,True,False,
381,,J1655+5217,16,55,18.47,+,52,17,23.8,EE,,,63,470.0,-0.9,,1,False,True,True,False,
382,a,J1657+2746,16,57,47.88,+,27,46,9.5,2MASX,,,18,66.0,-0.58,,1,True,False,True,False,
383,,J1659+2955,16,59,36.94,+,29,55,17.2,SDSS,,,77,846.0,-1.07,,15,False,True,True,False,
384,,J1701+4959,17,1,37.1,+,49,59,14.6,EE,,,12,,,,,True,False,True,False,
385,,J1705+5109,17,5,26.41,+,51,9,35.4,EE,0.53,*,342,2570.0,-0.9,50.27,"1, 2, 10",False,False,True,False,26.558782949089473
386,,J1708+4723,17,8,51.55,+,47,23,35.5,EE,,,5,,,,1,True,False,True,False,
387,,J1718+4202,17,18,2.23,+,42,2,11.5,SDSS,0.41,d,17,,,,,False,True,True,False,24.970180195433983
388,a,J1719+3547,17,19,36.39,+,35,47,6.98,SDSS,0.26,*,33,91.0,-0.45,1.85,,True,False,True,False,24.780862771480212
389,,J1723+4757,17,23,51.91,+,47,57,32.7,EE,,,14,,,,1,False,False,True,False,
390,,J1727+4030,17,27,55.04,+,40,30,23.5,EE,,,12,67.0,-0.77,,,False,False,True,False,
391,,J1743+6342,17,43,41.98,+,63,42,37.3,EE,,,13,,,,,False,False,True,False,
392,,J2020+0026,20,20,53.29,+,0,26,26.1,EE,,,17,,,,1,False,True,True,False,
393,,J2031+0107,20,31,24.6,+,1,7,14.8,EE,,,26,131.0,-0.72,,,False,False,True,False,
394,,J2056+0205,20,56,37.87,+,2,5,45.8,EE,,,47,,,,,True,False,True,False,
395,a,J2127-0127,21,27,10.8,-,1,27,21.2,2MASX,0.18,d,75,,,,,False,True,True,False,24.815715421400498
396,,J2127+0042,21,27,22.52,+,0,42,57.7,2MASX,0.13,d,11,49.0,-0.67,0.08,"1, 13",True,False,True,False,23.672866349708805
397,,J2131-0555,21,31,53.07,-,5,55,55.0,2MASX,,,39,,,,,False,True,True,False,
398,,J2138-0545,21,38,19.97,-,5,45,44.2,EE,,,87,,,,,True,False,True,False,
399,,J2139+1008,21,39,46.25,+,10,8,28.0,2MASX,0.22,d,87,,,,1,False,False,True,False,25.071147162874595
400,,J2142-0549,21,42,36.85,-,5,49,43.3,EE,,,50,,,,1,False,False,True,False,
401,,J2142+1017,21,42,3.49,+,10,17,21.8,2MASX,0.07,d,98,,,,"2, 10",False,True,True,False,24.060217425370304
402,,J2145-0659,21,45,3.51,-,6,59,24.7,EE,,,26,,,,,False,True,True,False,
403,,J2147+1215,21,47,11.37,+,12,15,15.8,SDSS,,,20,,,,1,False,True,True,False,
404,,J2148-0825,21,48,1.28,-,8,25,27.5,2MASX,0.13,d,92,,,,13,False,True,True,False,24.59950776737481
405,,J2150-0744,21,50,10.33,-,7,44,17.8,EE,,,22,,,,1,False,True,True,False,
406,,J2158-0507,21,58,52.69,-,5,7,35.8,EE,,,37,,,,,False,True,True,False,
407,,J2201-0451,22,1,39.25,-,4,51,36.9,EE,,,23,,,,1,True,False,True,False,
408,,J2202-0101,22,2,4.86,-,1,1,1.4,2MASX,0.18,d,72,,,,13,True,False,True,False,24.797986654440066
409,a,J2207-0102,22,7,30.82,-,1,2,46.1,EE,,,13,,,,,True,False,True,False,
410,,J2210-0152,22,10,4.77,-,1,52,33.9,GALEX,,,39,,,,,True,False,True,False,
411,,J2213-0854,22,13,12.43,-,8,54,37.1,EE,,,632,,,,,True,False,True,False,
412,,J2214-0447,22,14,44.07,-,4,47,33.6,EE,,,24,,,,1,True,False,True,False,
413,,J2215-0757,22,15,49.46,-,7,57,39.9,2MASX,0.21,d,24,,,,"1, 13",True,False,True,False,24.46735507043681
414,,J2218+0230,22,18,7.2,+,2,30,33.2,EE,,,36,256.0,-0.88,,1,False,True,True,False,
415,,J2221-0747,22,21,16.81,-,7,47,42.6,SDSS,,,85,,,,8,False,True,True,False,
416,a,J2248+0052,22,48,12.59,+,0,52,52.8,SDSS,0.41,d,16,,,,,False,True,True,False,24.943851256711632
417,,J2250-0141,22,50,47.02,-,1,41,17.2,2MASX,0.11,d,127,,,,"1, 16",False,True,True,False,24.585034835481203
418,a,J2301+0037,23,1,35.06,+,0,37,13.1,SDSS,0.43,d,47,177.0,-0.59,5.58,20,True,False,True,False,25.434457050553526
419,,J2306-0357,23,6,31.11,-,3,57,45.2,EE,,,103,,,,,False,False,True,False,
420,,J2312-0919,23,12,12.16,-,9,19,28.6,SDSS,0.83,d,180,,,,"1, 2, 8, 10",False,True,True,False,26.70794398967915
421,,J2315-0300,23,15,27.84,-,3,0,5.1,EE,,,73,,,,,False,True,True,False,
422,,J2319-0737,23,19,19.27,-,7,37,34.5,EE,,,70,,,,,False,True,True,False,
423,,J2320-0433,23,20,49.5,-,4,33,58.5,EE,,,101,,,,1,True,False,True,False,
424,,J2328+0038,23,28,54.12,+,0,38,48.8,SDSS,0.43,,24,57.0,-0.39,4.32,,True,False,True,False,25.1115032268364
425,,J2334-0759,23,34,55.59,-,7,59,14.4,EE,,,15,,,,,False,True,True,False,
426,,J2337-0900,23,37,34.47,-,9,0,15.4,SDSS,,,96,,,,,False,False,True,False,
427,,J2344-0658,23,44,42.31,-,6,58,9.8,EE,,,82,,,,1,True,False,True,False,
428,,J2349-0812,23,49,44.66,-,8,12,8.6,EE,,,13,,,,1,False,True,True,False,
429,a,J2350-0117,23,50,28.43,-,1,17,2.0,2MASX,0.19,d,50,,,,"1, 16",True,False,True,False,24.69084685139787
430,,J2356+0119,23,56,36.26,+,1,19,29.1,EE,,,23,,,,,False,True,True,False,
1,,J0012-0607,0,12,48.62,-,6,7,3.1,2MASX,0.2,d,66,,,,15,False,True,False,True,24.860171896543108
2,,J0017+0827,0,17,37.7,+,8,27,52.9,EE,,,55,,,,,True,False,False,True,
3,,J0020+0004,0,20,14.18,+,0,4,48.0,EE,,,170,457.0,-0.44,,16,True,False,False,True,
4,,J0023+0717,0,23,46.06,+,7,17,55.5,2MASX,0.25,d,74,,,,"1, 2, 10",True,False,False,True,25.123777064008237
5,c,J0041-0925,0,41,49.95,-,9,25,48.6,GALEX,,,35,,,,,False,True,False,True,
6,,J0047+1034,0,47,11.24,+,10,34,58.2,2MASS,,,24,,,,,False,False,False,True,
7,,J0054+0302,0,54,43.83,+,3,2,10.5,SDSS,0.41,d,18,192.0,-1.06,1.58,1,False,False,False,True,25.04126170408218
8,,J0056-0119,0,56,30.55,-,1,19,19.9,EE,,,162,,,,,False,False,False,True,
9,"a,c",J0056-0120,0,56,2.7,-,1,20,3.5,CGCG,0.04,d,370,,,,"8, 11, 14, 16",False,True,False,True,24.13556849170893
10,,J0111+1141,1,11,40.13,+,11,41,34.1,EE,,,13,,,,,False,True,False,True,
11,,J0140+0223,1,40,23.32,+,2,23,56.7,EE,,,33,294.0,-0.98,,,False,True,False,True,
12,,J0148+0000,1,48,7.84,+,0,0,52.2,EE,,,33,120.0,-0.58,,,False,True,False,True,
13,,J0148+0142,1,48,17.75,+,1,42,54.3,EE,,,15,31.0,-0.32,,,True,False,False,True,
14,,J0150-0818,1,50,43.47,-,8,18,36.7,SDSS,,,55,,,,1,False,True,False,True,
15,,J0212-0155,2,12,42.34,-,1,55,47.7,EE,,,43,,,,,True,False,False,True,
16,c,J0216-0245,2,16,19.98,-,2,45,26.7,EE,,,122,,,,1,True,False,False,True,
17,,J0223+0640,2,23,27.58,+,6,40,39.1,GALEX,,,81,,,,4,False,True,False,True,
18,,J0231+0531,2,31,17.02,+,5,31,9.7,2MASX,,,31,262.0,-0.95,,"1, 12",True,False,False,True,
19,,J0256-0542,2,56,20.02,-,5,42,49.5,GALEX,,,38,,,,1,False,True,False,True,
20,,J0317-0816,3,17,41.97,-,8,16,39.8,EE,,,73,,,,,False,False,False,True,
21,,J0323-0814,3,23,4.96,-,8,14,16.6,EE,,,16,,,,,False,False,False,True,
22,,J0334-0109,3,34,34.09,-,1,9,52.3,2MASX,0.14,d,87,,,,"13, 16",False,True,False,True,24.64419754754589
23,,J0335+0420,3,35,5.72,+,4,20,17.1,EE,,,33,128.0,-0.61,,,False,True,False,True,
24,,J0337+0421,3,37,50.21,+,4,21,4.2,SDSS,0.51,*,30,115.0,-0.6,,1,True,False,False,True,25.40856574350248
25,,J0340-0111,3,40,31.47,-,1,11,40.6,EE,,,6,,,,1,False,False,False,True,
26,,J0349-0648,3,49,28.97,-,6,48,0.1,EE,,,37,,,,13,True,False,False,True,
27,,J0356+0013,3,56,50.87,+,0,13,23.2,EE,,,254,,,,,False,True,False,True,
28,,J0703+5147,7,3,36.36,+,51,47,17.1,EE,,,64,296.0,-0.68,,1,True,False,False,True,
29,,J0709+4331,7,9,6.53,+,43,31,35.4,EE,,,14,66.0,-0.69,,1,False,True,False,True,
30,,J0714+3634,7,14,49.33,+,36,34,49.8,EE,,,144,608.0,-0.64,,,False,True,False,True,
31,,J0718+4820,7,18,25.52,+,48,20,20.6,EE,,,95,,,,,False,True,False,True,
32,,J0720+3617,7,20,11.94,+,36,17,49.6,SDSS,,,21,,,,,True,False,False,True,
33,c,J0729+5949,7,29,30.39,+,59,49,52.0,2MASS,,,54,,,,,False,False,False,True,
34,,J0731+3251,7,31,13.85,+,32,51,15.1,EE,,,42,,,,1,True,False,False,True,
35,,J0732+4208,7,32,1.32,+,42,8,29.9,SDSS,0.29,d,16,33.0,-0.32,1.43,,True,False,False,True,24.5550945841294
36,,J0732+6150,7,32,19.53,+,61,50,3.9,2MASX,,,102,324.0,-0.52,,,False,True,False,True,
37,c,J0734+3611,7,34,41.42,+,36,11,37.2,SDSS,,,62,80.0,-0.11,,,False,True,False,True,
38,,J0738+3846,7,38,54.99,+,38,46,23.4,EE,,,145,,,,17,False,True,False,True,
39,c,J0738+4159,7,38,49.51,+,41,59,7.5,2MASX,0.18,d,104,,,,"13, 20",False,True,False,True,24.957687497307578
40,c,J0743+2710,7,43,6.29,+,27,10,14.2,SDSS,,,111,,,,,False,True,False,True,
41,,J0754+3951,7,54,42.69,+,39,51,39.1,2MASX,0.29,d,37,63.0,-0.24,4.16,1,False,True,False,True,24.91032914871653
42,c,J0756+6030,7,56,42.43,+,60,30,40.2,EE,,,13,75.0,-0.78,,6,False,False,False,True,
43,,J0802+3904,8,2,22.95,+,39,4,21.3,EE,,,30,,,,,False,True,False,True,
44,,J0803+3951,8,3,44.68,+,39,51,0.0,EE,,,20,104.0,-0.74,,1,True,False,False,True,
45,,J0809+0934,8,9,26.1,+,9,34,3.8,2MASX,0.23,d,16,99.0,-0.82,0.35,"1, 13, 20",True,False,False,True,24.384669982338956
46,,J0811+3810,8,11,18.94,+,38,10,8.7,EE,,,90,327.0,-0.58,,,False,False,False,True,
47,a,J0819+2522,8,19,38.66,+,25,22,22.8,EE,,,53,286.0,-0.75,,,True,False,False,True,
48,c,J0819+5746,8,19,39.25,+,57,46,6.6,EE,,,32,,,,,False,True,False,True,
49,,J0819+5804,8,19,11.01,+,58,4,20.9,EE,,,23,,,,,False,False,False,True,
50,,J0820+1642,8,20,41.53,+,16,42,30.2,EE,,,23,56.0,-0.4,,,False,False,False,True,
51,c,J0824+5200,8,24,44.68,+,52,0,33.8,SDSS,0.3,d,54,,,,20,True,False,False,True,25.16400289343859
52,,J0826+1531,8,26,23.62,+,15,31,26.6,EE,,,49,83.0,-0.24,,,False,False,False,True,
53,,J0827+0816,8,27,30.03,+,8,16,26.1,EE,,,21,,,,,True,False,False,True,
54,b,J0827+3820,8,27,12.91,+,38,20,2.3,GALEX,,,152,,,,,False,True,False,True,
55,"a,c",J0828+2436,8,28,39.63,+,24,36,55.8,EE,,,122,,,,,False,True,False,True,
56,c,J0829+6322,8,29,10.55,+,63,22,28.5,2MASX,,,36,,,,"1, 15",True,False,False,True,
57,,J0830+2155,8,30,50.27,+,21,55,57.8,EE,,,17,,,,,True,False,False,True,
58,,J0834+3945,8,34,30.09,+,39,45,9.5,EE,,,102,513.0,-0.72,,2,True,False,False,True,
59,,J0844+2538,8,44,47.54,+,25,38,23.7,EE,,,11,54.0,-0.71,,,False,False,False,True,
60,,J0846+2024,8,46,47.94,+,20,24,48.9,EE,,,48,,,,,False,False,False,True,
61,c,J0850+1349,8,50,53.72,+,13,49,0.3,EE,,,137,,,,,False,True,False,True,
62,,J0851+1615,8,51,10.34,+,16,15,30.6,SDSS,0.66,d,27,,,,,True,False,False,True,25.650574976961973
63,c,J0857+1704,8,57,57.06,+,17,4,47.3,2MASX,0.33,d,63,,,,"2, 20",False,False,False,True,25.32433558205887
64,,J0858+1620,8,58,39.9,+,16,20,8.8,EE,,,30,64.0,-0.34,,"1, 20",False,True,False,True,
65,c,J0901+0259,9,1,25.81,+,2,59,28.8,2MASS,0.19,d,281,,,,13,False,True,False,True,25.440583166966928
66,"a,b",J0902+3505,9,2,30.3,+,35,5,11.0,SDSS,,,15,,,,1,False,False,False,True,
67,c,J0903+4509,9,3,5.38,+,45,9,59.7,SDSS,0.21,d,130,403.0,-0.51,3.79,20,False,False,False,True,25.18121869215609
68,,J0914+0824,9,14,50.71,+,8,24,42.7,EE,,,77,378.0,-0.71,,1,True,False,False,True,
69,,J0916+1729,9,16,42.69,+,17,29,20.4,EE,,,56,219.0,-0.61,,,False,True,False,True,
70,,J0916+3818,9,16,48.04,+,38,18,6.2,EE,,,336,1457.0,-0.66,,6,True,False,False,True,
71,,J0919-0129,9,19,40.43,-,1,29,50.3,EE,,,25,,,,,True,False,False,True,
72,,J0921+0723,9,21,4.79,+,7,23,38.3,SDSS,0.3,d,41,72.0,-0.25,4.79,,True,False,False,True,24.987421314181937
73,,J0922-0724,9,22,39.18,-,7,24,27.5,EE,,,101,,,,1,True,False,False,True,
74,c,J0927+5423,9,27,4.27,+,54,23,46.6,2MASX,0.12,d,199,,,,"13, 16",False,False,False,True,24.860390410715457
75,,J0933+1341,9,33,28.3,+,13,41,37.5,EE,,,35,147.0,-0.64,,1,True,False,False,True,
76,,J0936+0340,9,36,43.62,+,3,40,44.1,SDSS,,,14,,,,1,False,True,False,True,
77,a,J0940+2530,9,40,56.39,+,25,30,59.5,EE,,,19,241.0,-1.14,,,True,False,False,True,
78,,J0942+1523,9,42,14.45,+,15,22,56.3,EE,,,94,1255.0,-1.16,,1,True,False,False,True,
79,c,J0944-0616,9,44,54.86,-,6,16,7.9,2MASX,,,87,,,,1,False,True,False,True,
80,c,J0951+1802,9,51,13.21,+,18,2,8.8,EE,,,168,,,,,False,True,False,True,
81,"a,c",J0953+2924,9,53,27.88,+,29,24,19.8,EE,,,162,,,,,False,True,False,True,
82,c,J1005+2210,10,5,15.91,+,22,10,47.5,EE,,,23,,,,,True,False,False,True,
83,,J1005+3000,10,5,0.53,+,30,0,4.4,EE,,,24,,,,,False,True,False,True,
84,,J1006+0850,10,6,28.48,+,8,50,12.3,EE,,,34,122.0,-0.57,,,True,False,False,True,
85,,J1010+2145,10,10,42.61,+,21,45,57.3,EE,,,20,94.0,-0.69,,1,False,True,False,True,
86,,J1011-0607,10,11,34.79,-,6,7,51.5,EE,,,23,,,,1,False,True,False,True,
87,,J1013+5532,10,13,7.16,+,55,32,1.6,EE,,,27,120.0,-0.67,,,False,True,False,True,
88,c,J1014+0038,10,14,41.93,+,0,38,1.5,EE,,,59,,,,,False,True,False,True,
89,c,J1014+4945,10,14,36.2,+,49,45,32.6,2MASX,0.21,d,412,,,,"6, 13",True,False,False,True,25.702041044758335
90,a,J1015+2627,10,15,18.55,+,26,27,54.9,EE,,,78,161.0,-0.32,,,False,True,False,True,
91,,J1016+0930,10,16,5.97,+,9,30,12.3,SDSS,0.2,d,85,391.0,-0.68,1.62,13,False,True,False,True,24.964504199492197
92,,J1016+4708,10,16,6.64,+,47,8,6.6,EE,,,56,222.0,-0.62,,,False,True,False,True,
93,,J1017+6352,10,18,1.89,+,63,52,30.1,2MASX,0.23,d,222,1349.0,-0.81,4.96,"1, 2, 6, 16",False,True,False,True,25.526003923019275
94,a,J1022+3758,10,22,54.28,+,37,58,16.6,2MASX,0.23,d,40,94.0,-0.38,1.88,13,False,False,False,True,24.74305174197766
95,,J1023+0851,10,23,22.59,+,8,51,26.9,EE,,,47,,,,1,False,True,False,True,
96,,J1032+0514,10,32,21.43,+,5,14,21.8,SDSS,,,19,48.0,-0.42,,14,True,False,False,True,
97,a,J1032+3152,10,32,15.87,+,31,52,35.7,SDSS,0.33,d,56,,,,1,True,False,False,True,25.273183059611487
98,a,J1032+3502,10,32,1.62,+,35,2,52.9,2MASX,0.12,d,30,,,,"7, 13",False,False,False,True,24.038658589025413
99,,J1035+5907,10,35,41.52,+,59,7,7.7,SDSS,0.47,d,9,,,,20,False,True,False,True,24.830456000354065
100,,J1040+1548,10,40,20.07,+,15,48,33.4,EE,,,18,39.0,-0.35,,1,False,True,False,True,
101,"a,c",J1042+2907,10,42,54.72,+,29,7,17.5,EE,,,64,,,,,True,False,False,True,
102,,J1043-0553,10,43,18.94,-,5,53,52.5,2MASS,,,352,,,,,False,False,False,True,
103,,J1043+0847,10,43,44.72,+,8,47,49.8,SDSS,,,51,224.0,-0.66,,,False,False,False,True,
104,,J1043+0947,10,43,26.16,+,9,47,11.8,SDSS,0.43,d,18,130.0,-0.88,1.62,"1, 20",False,True,False,True,25.062679148585982
105,c,J1045+1258,10,45,1.48,+,12,58,2.8,SDSS,0.3,d,56,318.0,-0.78,2.33,20,False,True,False,True,25.183215461191025
106,,J1046+0902,10,46,47.92,+,9,2,56.6,SDSS,,,16,110.0,-0.86,,1,False,True,False,True,
107,,J1046+1631,10,46,56.15,+,16,31,25.9,SDSS,0.3,d,33,112.0,-0.56,1.92,1,True,False,False,True,24.92847383655521
108,,J1048+1857,10,48,45.26,+,18,57,57.8,2MASX,0.13,d,88,282.0,-0.52,0.9,13,False,True,False,True,24.567994570178236
109,c,J1051+0503,10,51,29.91,+,5,3,24.2,2MASX,0.22,,89,,,,"13, 16",False,True,False,True,25.08101791690089
110,,J1055+1432,10,55,40.8,+,14,32,20.2,EE,,,58,,,,,False,False,False,True,
111,,J1056+1128,10,56,14.77,+,11,28,42.7,SDSS,0.42,d,22,92.0,-0.64,2.3,,False,True,False,True,25.089410062192588
112,c,J1104+4726,11,4,44.46,+,47,26,56.8,EE,,,67,,,,"1, 6",False,True,False,True,
113,,J1105+1235,11,5,28.85,+,12,35,14.6,EE,,,66,,,,,False,True,False,True,
114,"a,b",J1109+3252,11,9,56.7,+,32,52,5.9,EE,,,22,,,,,False,True,False,True,
115,,J1110+1159,11,10,6.16,+,11,59,43.2,2MASX,0.13,d,122,,,,"15, 13",False,True,False,True,24.722079770704003
116,c,J1131+2125,11,31,22.88,+,21,25,56.5,EE,,,193,,,,,False,True,False,True,
117,c,J1131+0128,11,31,31.07,+,1,28,27.8,2MASX,0.24,d,55,,,,,False,True,False,True,24.95554672598548
118,b,J1131+3908,11,31,57.05,+,39,8,0.1,SDSS,0.23,d,30,,,,"1, 13",False,True,False,True,24.651377896601936
119,,J1132+1344,11,32,40.23,+,13,44,26.2,EE,,,11,,,,1,False,True,False,True,
120,c,J1133+4903,11,33,59.34,+,49,3,45.5,EE,,,427,,,,6,False,True,False,True,
121,a,J1137+3000,11,37,33.28,+,30,0,6.6,EE,,,8,45.0,-0.77,,1,False,False,False,True,
122,,J1143+1641,11,43,12.27,+,16,41,39.3,SDSS,,,11,49.0,-0.67,,,True,False,False,True,
123,,J1144+3710,11,44,33.74,+,37,10,6.5,EE,,,1070,,,,"4, 6",False,True,False,True,
124,,J1145+1529,11,45,22.2,+,15,29,43.0,EE,,,34,,,,,False,True,False,True,
125,c,J1152+4229,11,52,37.64,+,42,29,4.7,EE,,,38,,,,6,False,True,False,True,
126,,J1154+1009,11,54,16.57,+,10,9,40.4,EE,,,46,188.0,-0.63,,1,False,True,False,True,
127,b,J1156+2048,11,56,38.83,+,20,48,47.5,2MASX,0.15,d,19,,,,"1, 13",True,False,False,True,24.04787919720318
128,c,J1201-0703,12,1,25.73,-,7,3,10.9,2MASX,,,207,,,,8,False,True,False,True,
129,c,J1202+5801,12,2,2.76,+,58,1,48.1,EE,,,855,,,,4,True,False,False,True,
130,c,J1204+2013,12,4,1.7,+,20,13,55.7,EE,,,76,,,,,True,False,False,True,
131,,J1208+3425,12,8,28.56,+,34,25,9.4,EE,,,80,605.0,-0.91,,6,False,True,False,True,
132,c,J1209+5715,12,9,0.38,+,57,15,30.5,EE,,,30,,,,17,False,False,False,True,
133,,J1211+0707,12,11,56.28,+,7,7,29.2,2MASX,0.14,d,164,,,,"2, 13, 16",False,True,False,True,24.91952214297497
134,,J1215+3243,12,15,50.25,+,32,43,13.0,EE,,,60,208.0,-0.56,,,True,False,False,True,
135,,J1217+0336,12,17,31.4,+,3,36,57.0,SDSS,0.08,d,22,,,,4,False,False,False,True,23.53242343601298
136,c,J1217+0340,12,17,40.19,+,3,40,2.1,EE,,,1125,,,,,False,True,False,True,
137,,J1220+0203,12,20,13.94,+,2,3,52.2,EE,,,711,,,,,False,True,False,True,
138,c,J1222-0449,12,22,23.69,-,4,49,35.4,EE,,,169,,,,,False,True,False,True,
139,c,J1225+3737,12,25,25.15,+,37,37,28.7,EE,,,252,,,,,False,True,False,True,
140,,J1227+4928,12,27,32.29,+,49,28,44.0,2MASX,0.12,d,124,,,,"20, 21",False,False,False,True,24.654959019467984
141,c,J1229+1140,12,29,51.29,+,11,40,40.4,SDSS,0.08,d,781,,,,,False,True,False,True,25.082651789068073
142,a,J1231+3850,12,31,45.98,+,38,50,30.9,2MASX,,,67,,,,16,False,True,False,True,
143,a,J1234+4012,12,34,56.52,+,40,12,54.4,SDSS,0.49,d,46,212.0,-0.68,6.43,1,True,False,False,True,25.56868472115478
144,,J1235+0741,12,35,37.39,+,7,41,10.5,EE,,,8,157.0,-1.33,,,True,False,False,True,
145,,J1235+5314,12,35,28.51,+,53,14,57.7,EE,,,26,293.0,-1.08,,,True,False,False,True,
146,,J1239+1423,12,39,16.13,+,14,23,9.7,SDSS,0.37,d,8,,,,1,True,False,False,True,24.540920285070808
147,,J1241+6056,12,41,48.03,+,60,56,39.4,2MASX,0.23,d,16,,,,"1, 13",False,False,False,True,24.3783766245382
148,,J1242+5022,12,42,8.74,+,50,22,12.8,EE,,,57,,,,,True,False,False,True,
149,,J1243-0726,12,43,10.27,-,7,26,9.2,EE,,,59,,,,,True,False,False,True,
150,"a,b",J1246+3005,12,46,51.53,+,30,5,31.1,EE,,,127,519.0,-0.63,,1,True,False,False,True,
151,,J1247-0249,12,47,51.48,-,2,49,51.6,EE,,,159,,,,1,False,True,False,True,
152,,J1247+0119,12,47,54.54,+,1,19,56.5,EE,,,29,,,,,False,False,False,True,
153,c,J1247+0931,12,47,24.16,+,9,31,8.9,2MASX,0.19,d,117,,,,13,False,True,False,True,25.06006270880801
154,b,J1249+0713,12,49,50.79,+,7,13,13.5,EE,,,33,123.0,-0.59,,1,False,True,False,True,
155,c,J1249+5004,12,49,18.69,+,50,4,49.5,2MASX,0.25,d,220,,,,13,False,True,False,True,25.596968025099468
156,,J1256+0126,12,56,28.28,+,1,26,4.7,EE,,,13,67.0,-0.73,,,True,False,False,True,
157,b,J1259+4906,12,59,30.22,+,49,6,0.6,EE,,,15,46.0,-0.5,,,True,False,False,True,
158,,J1301+2818,13,1,10.8,+,28,18,29.8,EE,,,10,,,,"5, 21",True,False,False,True,
159,c,J1308+5311,13,8,33.03,+,53,11,19.4,SDSS,0.32,d,21,,,,,True,False,False,True,24.817002477647257
160,,J1311+1922,13,11,17.46,+,19,22,46.3,2MASX,0.19,d,36,,,,"13, 21",True,False,False,True,24.548179347829137
161,,J1313+0220,13,13,41.05,+,2,20,36.7,EE,,,7,,,,,False,False,False,True,
162,c,J1313+1745,13,13,36.78,+,17,45,28.6,2MASX,0.23,d,92,273.0,-0.49,3.39,"1, 13",False,True,False,True,25.114669140253586
163,c,J1317+1910,13,17,39.52,+,19,10,20.8,SDSS,0.27,d,160,,,,,False,True,False,True,25.53315396819815
164,"a,b",J1317+3144,13,17,56.76,+,31,44,47.0,2MASX,0.21,d,30,,,,,True,False,False,True,24.564265083444866
165,,J1319+5807,13,19,26.9,+,58,7,25.3,SDSS,0.31,d,31,,,,,False,True,False,True,24.9550350898707
166,,J1322+1132,13,22,46.31,+,11,32,15.9,SDSS,0.21,d,57,,,,13,False,True,False,True,24.843018684397695
167,,J1327-0440,13,27,5.57,-,4,40,47.2,EE,,,39,,,,,True,False,False,True,
168,c,J1330+0649,13,30,31.07,+,6,49,33.8,SDSS,0.28,d,152,,,,18,True,False,False,True,25.54620541912977
169,,J1330+1904,13,30,46.5,+,19,4,44.5,EE,,,67,,,,,False,True,False,True,
170,,J1334+1728,13,34,48.6,+,17,28,12.3,EE,,,40,,,,,False,True,False,True,
171,,J1334+2537,13,34,37.09,+,25,37,20.1,2MASX,0.3,,28,,,,,False,True,False,True,24.87876716495784
172,c,J1342+1226,13,42,44.59,+,12,26,55.6,2MASX,0.22,d,30,,,,13,True,False,False,True,24.608749164975638
173,,J1348+3726,13,48,47.55,+,37,26,34.2,2MASS,0.21,*,71,,,,20,False,False,False,True,24.938402177444278
174,,J1349+4207,13,49,48.35,+,42,7,3.7,SDSS,0.23,d,39,,,,13,False,True,False,True,24.765321248908773
175,,J1349+4828,13,49,36.07,+,48,28,44.0,SDSS,0.5,d,29,90.0,-0.51,5.88,,True,False,False,True,25.3584984036246
176,,J1351+0023,13,51,33.47,+,0,23,27.6,EE,,,49,,,,,False,True,False,True,
177,c,J1353+0942,13,53,39.85,+,9,42,13.5,2MASX,0.13,d,59,,,,,False,True,False,True,24.4065719516714
178,,J1353+3305,13,53,2.05,+,33,5,28.5,2MASX,0.06,d,48,136.0,-0.47,0.11,"13, 15",True,False,False,True,23.60415019432274
179,,J1357+0732,13,57,45.57,+,7,32,23.7,SDSS,0.11,d,49,277.0,-0.77,0.23,13,False,False,False,True,24.172333654129492
180,,J1358+0352,13,58,57.2,+,3,52,26.8,EE,,,64,276.0,-0.65,,,False,True,False,True,
181,,J1359-0102,13,59,50.7,-,1,2,38.9,SDSS,0.35,d,30,,,,,False,False,False,True,25.060047889481787
182,,J1359+4443,13,59,59.4,+,44,43,57.5,EE,,,22,,,,,False,True,False,True,
183,,J1403+0610,14,3,13.29,+,6,10,8.3,2MASX,0.08,d,355,555.0,-0.2,3.03,"8, 10, 13, 15",True,False,False,True,24.721846042728043
184,"b,c",J1406+4041,14,6,3.79,+,40,41,47.8,SDSS,,,220,1098.0,-0.31,,14,False,True,False,True,
185,,J1407+4257,14,7,13.04,+,42,57,35.7,SDSS,,,32,,,,,True,False,False,True,
186,c,J1413+4844,14,13,30.45,+,48,44,26.9,EE,,,72,218.0,-0.5,,,False,True,False,True,
187,c,J1414+1746,14,14,55.75,+,17,46,7.9,SDSS,,,78,349.0,-0.67,,,True,False,False,True,
188,,J1418+0515,14,18,9.17,+,5,15,15.5,SDSS,0.58,d,31,,,,,False,True,False,True,25.57950413201264
189,"a,b",J1418+3211,14,18,11.51,+,32,11,39.3,SDSS,0.36,d,30,,,,,True,False,False,True,25.087857934250504
190,,J1419+2008,14,19,20.69,+,20,8,41.3,EE,,,22,,,,,False,True,False,True,
191,"a,b",J1420+2500,14,20,41.85,+,25,0,35.0,SDSS,0.36,d,139,483.0,-0.56,11.85,,False,True,False,True,25.728379087194593
192,,J1421-0431,14,21,28.9,-,4,31,31.9,EE,,,61,,,,,False,True,False,True,
193,b,J1421+6100,14,21,36.93,+,61,0,24.6,2MASX,0.31,d,21,101.0,-0.7,1.01,1,False,True,False,True,24.78002912598756
194,c,J1426+0050,14,26,16.34,+,0,50,15.4,2MASX,0.12,d,60,,,,"13, 16",True,False,False,True,24.339688584689394
195,a,J1428+3953,14,28,7.32,+,39,53,17.2,SDSS,0.51,d,36,145.0,-0.62,5.97,,False,True,False,True,25.491326528495968
196,,J1432+1247,14,32,25.38,+,12,47,24.6,SDSS,0.56,d,72,139.0,-0.29,28.65,,False,True,False,True,25.82114229742721
197,,J1435+4758,14,35,54.89,+,47,58,19.2,2MASX,0.25,d,6,,,,1,False,True,False,True,24.032696594660905
198,,J1439+4931,14,39,9.78,+,49,31,37.6,EE,,,93,230.0,-0.4,,,False,False,False,True,
199,,J1442+2945,14,42,28.67,+,29,45,56.4,EE,,,110,,,,,True,False,False,True,
200,,J1444+5406,14,44,53.3,+,54,6,17.2,SDSS,,,71,,,,,False,True,False,True,
201,,J1451+1622,14,51,44.4,+,16,22,46.9,EE,,,16,,,,,True,False,False,True,
202,,J1452+0733,14,52,38.29,+,7,33,31.6,SDSS,0.4,d,33,58.0,-0.25,7.1,,True,False,False,True,25.160614359757982
203,,J1452+5022,14,52,15.4,+,50,22,25.0,SDSS,0.09,d,150,,,,,False,True,False,True,24.47334636610285
204,,J1458+1006,14,58,42.16,+,10,6,24.2,EE,,,58,,,,1,False,True,False,True,
205,,J1500+1241,15,0,50.73,+,12,41,47.7,EE,,,82,,,,,True,False,False,True,
206,b,J1502+4255,15,2,33.4,+,42,55,56.5,SDSS,0.29,d,42,104.0,-0.41,3.08,,False,True,False,True,24.98417696579831
207,,J1505+1546,15,5,47.86,+,15,46,50.8,SDSS,,,22,,,,,False,False,False,True,
208,"a,b,c",J1509+3327,15,9,57.37,+,33,27,15.0,2MASX,0.12,d,59,,,,13,False,True,False,True,24.332389345947895
209,c,J1514+1017,15,14,49.36,+,10,17,3.2,2MASX,0.06,d,192,921.0,-0.7,0.28,"1, 2, 10, 13",False,True,False,True,24.2120305346616
210,"a,b",J1520+2337,15,20,55.66,+,23,37,25.2,SDSS,0.31,d,44,191.0,-0.66,2.26,,False,True,False,True,25.096571655913596
211,,J1524+0957,15,24,41.55,+,9,57,36.8,EE,,,83,285.0,-0.55,,,True,False,False,True,
212,,J1526+0438,15,26,14.82,+,4,38,30.2,SDSS,,,20,59.0,-0.48,,,False,True,False,True,
213,,J1530-0703,15,30,58.15,-,7,3,29.9,EE,,,150,,,,,False,True,False,True,
214,"a,b",J1530+3210,15,30,30.66,+,32,10,56.6,SDSS,,,30,82.0,-0.45,,,False,True,False,True,
215,,J1530+4525,15,30,8.02,+,45,25,52.8,EE,,,55,,,,,False,True,False,True,
216,c,J1536-0205,15,36,31.19,-,2,5,6.3,2MASX,0.16,*,95,,,,"13, 21",False,True,False,True,24.807360613726853
217,,J1539+1805,15,39,28.61,+,18,5,59.2,SDSS,0.31,*,117,451.0,-0.6,6.57,,False,True,False,True,25.514268563434225
218,,J1541+0301,15,41,41.7,+,3,1,3.0,SDSS,0.06,d,19,,,,14,False,True,False,True,23.208748200174117
219,c,J1544+1755,15,44,9.94,+,17,55,4.8,2MASX,0.21,d,166,,,,"13, 20",True,False,False,True,25.307251916765257
220,,J1544+6042,15,44,46.24,+,60,42,19.9,EE,,,16,,,,,True,False,False,True,
221,,J1545-0237,15,45,47.4,-,2,37,59.6,EE,,,12,,,,1,True,False,False,True,
222,c,J1545+0309,15,45,53.98,+,3,9,12.3,2MASX,0.21,d,24,,,,"1, 13, 20",False,True,False,True,24.46735507043681
223,a,J1546+2620,15,46,30.86,+,26,20,31.3,EE,,,12,,,,,True,False,False,True,
224,a,J1548+3610,15,48,49.35,+,36,10,35.4,SDSS,0.23,d,120,,,,13,False,True,False,True,25.2534378879299
225,c,J1550+1516,15,50,20.46,+,15,16,14.1,SDSS,0.14,d,80,,,,13,True,False,False,True,24.607768281919213
226,,J1551+4025,15,51,54.65,+,40,25,18.9,EE,,,21,91.0,-0.66,,,False,False,False,True,
227,c,J1553+1530,15,53,45.53,+,15,30,13.6,2MASX,0.13,d,141,,,,"1, 13, 20",False,True,False,True,24.784939052684635
228,,J1555+0326,15,55,32.43,+,3,26,57.9,2MASX,0.2,d,46,178.0,-0.61,0.99,"1, 13",False,True,False,True,24.692300418236144
229,,J1555+0446,15,55,18.73,+,4,46,26.9,SDSS,0.54,d,21,73.0,-0.56,4.41,,False,True,False,True,25.302502772491057
230,,J1555+4531,15,55,22.0,+,45,31,0.8,2MASX,0.07,d,44,140.0,-0.52,0.12,"1, 13",True,False,False,True,23.705685757296397
231,,J1558+5857,15,58,30.11,+,58,57,59.1,EE,,,18,219.0,-1.12,,,True,False,False,True,
232,,J1600+2300,16,0,9.68,+,23,0,56.2,SDSS,0.43,d,17,,,,20,False,False,False,True,25.01766187999049
233,"a,c",J1603+2857,16,3,38.33,+,28,57,48.6,SDSS,0.28,d,21,70.0,-0.54,1.06,20,False,True,False,True,24.664067032292863
234,,J1603+3133,16,3,40.5,+,31,33,0.7,SDSS,0.4,d,37,131.0,-0.57,3.93,"1, 20",False,True,False,True,25.257063115364126
235,"a,b",J1607+3442,16,7,23.84,+,34,42,10.9,2MASX,0.29,d,60,,,,"1, 20",False,False,False,True,25.176679427285798
236,,J1609+6144,16,9,30.66,+,61,44,19.5,EE,,,32,150.0,-0.69,,1,True,False,False,True,
237,,J1610+1203,16,10,39.03,+,12,3,18.8,SDSS,,,54,511.0,-1.01,,"1, 2, 16",True,False,False,True,
238,,J1611+0415,16,11,2.89,+,4,15,3.1,SDSS,0.31,d,40,97.0,-0.4,3.45,,False,True,False,True,25.024688433884872
239,,J1613+1921,16,13,35.02,+,19,21,5.8,SDSS,,,199,803.0,-0.62,,,False,True,False,True,
240,b,J1616+0906,16,16,10.48,+,9,6,55.3,2MASX,0.17,d,172,871.0,-0.73,2.15,"1, 2, 13, 16, 20",False,True,False,True,25.120847908300625
241,"a,c",J1616+4226,16,16,37.83,+,42,26,55.7,SDSS,,,171,,,,20,False,True,False,True,
242,,J1623+1110,16,23,46.0,+,11,10,47.4,EE,,,18,52.0,-0.48,,,True,False,False,True,
243,,J1623+4618,16,23,43.99,+,46,18,2.6,EE,,,25,84.0,-0.54,,,True,False,False,True,
244,c,J1625+0932,16,25,23.45,+,9,32,29.2,SDSS,,,37,,,,14,True,False,False,True,
245,c,J1634+0626,16,34,2.06,+,6,26,39.3,2MASX,,,101,,,,,True,False,False,True,
246,c,J1639+5346,16,39,30.32,+,53,46,54.9,EE,,,638,,,,,True,False,False,True,
247,"b,c",J1640+3247,16,40,53.9,+,32,47,28.4,SDSS,0.14,d,62,,,,13,True,False,False,True,24.497069984425526
248,,J1640+4634,16,40,44.33,+,46,34,6.5,SDSS,,,16,,,,21,False,True,False,True,
249,,J1643+1406,16,43,30.08,+,14,6,14.2,2MASX,0.18,d,56,,,,,False,False,False,True,24.688842185014998
250,,J1650+3303,16,50,36.46,+,33,3,0.1,2MASX,0.16,d,48,93.0,-0.3,1.32,"1, 13",False,True,False,True,24.48187215066148
251,"a,c",J1652+3055,16,52,5.38,+,30,55,17.0,EE,,,92,,,,1,True,False,False,True,
252,c,J1657+4319,16,57,32.98,+,43,19,42.1,EE,,,104,,,,1,True,False,False,True,
253,,J1700+4442,17,0,47.39,+,44,42,42.0,SDSS,0.48,d,27,124.0,-0.68,3.6,20,False,True,False,True,25.316784388325196
254,c,J1703+4139,17,3,32.97,+,41,39,57.6,EE,,,56,,,,1,False,True,False,True,
255,"a,c",J1704+2452,17,4,51.26,+,24,52,33.6,SDSS,,,41,202.0,-0.71,,1,True,False,False,True,
256,a,J1710+4022,17,10,13.72,+,40,22,3.4,SDSS,0.44,d,32,82.0,-0.42,5.61,,True,False,False,True,25.26306656156358
257,,J1713+6347,17,13,16.01,+,63,47,37.5,2MASX,0.08,d,21,78.0,-0.59,0.43,"13, 21",False,False,False,True,23.50687224904678
258,c,J1721+4726,17,21,52.24,+,47,26,36.8,EE,,,49,,,,,False,True,False,True,
259,,J1725+4949,17,25,52.31,+,49,49,11.7,EE,,,30,133.0,-0.67,,,False,False,False,True,
260,,J1726+4530,17,26,13.09,+,45,30,28.8,EE,,,16,84.0,-0.74,,,True,False,False,True,
261,,J1728+4045,17,28,2.55,+,40,45,47.1,2MASX,,,48,164.0,-0.55,,1,True,False,False,True,
262,c,J1729+5415,17,29,21.19,+,54,15,26.1,2MASX,0.08,d,64,,,,"7, 13, 15",False,True,False,True,23.99618072917466
263,,J1730+5923,17,30,43.6,+,59,23,26.5,EE,,,12,,,,,False,False,False,True,
264,,J1733+4229,17,33,43.25,+,42,29,12.1,EE,,,22,,,,,False,True,False,True,
265,,J2058+0930,20,58,45.62,+,9,30,9.9,2MASX,,,167,428.0,-0.42,,"1, 2, 8, 10",False,False,False,True,
266,,J2102-0145,21,2,14.61,-,1,45,9.5,EE,,,30,,,,,False,True,False,True,
267,,J2126-0710,21,26,16.07,-,7,10,46.4,2MASX,0.11,*,134,,,,1,True,False,False,True,24.608335912890052
268,,J2137-0134,21,37,26.4,-,1,34,14.7,EE,,,13,53.0,-0.63,,,True,False,False,True,
269,,J2139-0742,21,39,26.27,-,7,42,23.4,EE,,,29,,,,,True,False,False,True,
270,,J2152+0907,21,52,50.62,+,9,7,59.7,2MASX,0.11,d,54,,,,,True,False,False,True,24.213624874348213
271,"a,b",J2154+0037,21,54,22.62,+,0,37,10.8,EE,,,32,235.0,-0.89,,21,False,False,False,True,
272,,J2155+0846,21,55,26.18,+,8,46,48.5,2MASX,0.15,d,122,,,,8,False,True,False,True,24.8554854269251
273,,J2155+1231,21,55,41.97,+,12,31,28.6,SDSS,0.19,d,488,4589.0,-1.0,6.97,"13, 20",True,False,False,True,25.699183409412694
274,,J2159-0542,21,59,34.35,-,5,42,54.3,EE,,,18,,,,1,True,False,False,True,
275,,J2222+1435,22,22,35.28,+,14,35,35.4,EE,,,24,,,,,True,False,False,True,
276,,J2224+0126,22,24,21.97,+,1,26,31.3,EE,,,40,366.0,-0.99,,1,True,False,False,True,
277,,J2234+0552,22,34,24.76,+,5,52,42.5,2MASX,0.17,d,75,,,,"8, 10",False,True,False,True,24.761744442019697
278,,J2239-0322,22,39,36.63,-,3,22,38.1,EE,,,16,,,,,False,True,False,True,
279,c,J2239-0932,22,39,2.43,-,9,32,35.6,EE,,,180,,,,2,False,True,False,True,
280,,J2300+1426,23,0,46.83,+,14,26,2.8,2MASX,0.15,d,137,,,,"1, 13",False,True,False,True,24.905846163406757
281,,J2304-0952,23,4,29.26,-,9,52,4.8,SDSS,,,77,,,,20,False,True,False,True,
282,,J2310-0326,23,10,22.5,-,3,26,58.8,EE,,,24,,,,,False,True,False,True,
283,,J2310+1441,23,10,15.98,+,14,41,22.3,SDSS,,,43,,,,20,True,False,False,True,
284,,J2332-0744,23,32,6.89,-,7,44,44.9,EE,,,20,,,,,False,False,False,True,
285,,J2332+1016,23,32,36.03,+,10,16,27.8,2MASX,0.25,d,106,,,,,True,False,False,True,25.27985120954203
286,a,J2346-0154,23,46,54.0,-,1,54,9.4,EE,,,83,,,,,False,True,False,True,
287,,J2348+1157,23,48,2.21,+,11,57,22.9,SDSS,0.43,d,385,1800.0,-0.7,39.65,"1, 2, 10",True,False,False,True,26.364906886247468
