Num,f_Num,Name,RA_hms,Dec_dms,RA,Dec,PosRef,z,f_z,F1400,F150,alpha,Lum,FR,Other
1,,J0001-0826,00:01:15.11,-08:26:46.2,0.3129583333333333,-8.446166666666667,SDSS,0.33,d,156,,,,,
2,,J0007+0536,00:07:05.88,+05:36:02.3,1.7744999999999995,5.600638888888889,EE,,,307,,,,I,8
3,a,J0017-0149,00:17:32.28,-01:49:23.7,4.384499999999999,-1.82325,EE,,,91,,,,II,
4,,J0020-0950,00:20:08.01,-09:50:53.3,5.033374999999999,-9.84813888888889,EE,,,11,,,,I,1
5,,J0027+0224,00:27:19.11,+02:24:28.9,6.829625,2.408027777777778,2MASX,0.13,*,133,,,,,"1, 2"
6,,J0034+1140,03:34:30.50,+11:40:40.9,53.62708333333333,11.678027777777777,SDSS,,,18,,,,,
7,,J0035-0834,00:35:03.48,-08:34:39.2,8.7645,-8.577555555555556,2MASS,,,387,,,,II,8
8,,J0041-0651,00:41:10.52,-06:51:05.2,10.293833333333334,-6.851444444444444,EE,,,48,,,,,1
9,ac,J0041+0028,00:41:52.16,+00:28:34.9,10.467333333333332,0.4763611111111111,SDSS,0.15,d,94,,,,II,"13, 15"
10,,J0044+1026,00:44:58.90,+10:26:44.2,11.245416666666666,10.445611111111113,EE,,,226,,,,,
11,,J0045-0701,00:45:47.96,-07:01:40.7,11.449833333333332,-7.027972222222222,EE,,,123,,,,II,22
12,,J0046-0805,00:46:36.48,-08:05:45.6,11.652,-8.096,EE,,,15,,,,II,1
13,,J0057-0100,00:57:29.38,-01:00:59.1,14.372416666666664,-1.0164166666666667,EE,,,30,,,,,
14,,J0057-0336,00:57:33.71,-03:36:09.6,14.39045833333333,-3.602666666666667,2MASX,0.16,d,86,,,,I,"1, 2, 16"
15,a,J0103+0041,01:03:29.65,+00:41:01.8,15.873541666666666,0.6838333333333333,EE,,,155,641.0,-0.63,,I,
16,ad,J0120+0021,01:20:58.94,+00:21:39.2,20.24558333333333,0.3608888888888888,EE,,,45,185.0,-0.63,,II,
17,,J0158-0215,01:58:30.16,-02:15:30.4,29.625666666666664,-2.2584444444444443,SDSS,0.44,d,23,,,,II,
18,d,J0159-0119,01:59:55.52,-01:19:59.9,29.98133333333333,-1.3333055555555555,EE,,,23,,,,I,
19,,J0212-0450,02:12:16.55,-04:50:38.8,33.068958333333335,-4.844111111111111,EE,,,156,,,,II,
20,,J0224+0659,02:24:28.64,+06:59:23.2,36.11933333333333,6.989777777777777,EE,,,776,1965.0,-0.41,,I,
21,,J0229+0429,02:29:02.09,+04:29:03.3,37.25870833333333,4.48425,2MASX,0.19,d,34,,,,II,"1, 2, 8"
22,,J0233-0321,02:33:17.70,-03:21:00.6,38.32374999999999,-3.350166666666667,EE,,,662,,,,II,4
23,,J0242-0544,02:42:04.91,-05:44:17.0,40.52045833333333,-5.738055555555556,2MASX,0.14,d,65,,,,I,"8, 16"
24,c,J0245-0648,02:45:57.86,-06:48:55.9,41.49108333333333,-6.815530555555555,EE,,,29,,,,,14
25,a,J0248-0113,02:48:08.57,-01:13:44.2,42.035708333333325,-1.2289444444444446,SDSS,0.28,d,23,,,,,
26,,J0308-0607,03:08:50.29,-06:07:37.2,47.20954166666666,-6.127,2MASX,,,88,,,,,1
27,,J0312-0633,03:12:55.23,-06:33:43.1,48.230125,-6.561972222222222,EE,,,170,,,,II,
28,,J0313-0631,03:13:29.05,-06:31:19.5,48.37104166666666,-6.522083333333334,EE,,,87,,,,,1
29,,J0318-0810,03:18:00.43,-08:10:20.5,49.50179166666666,-8.17236111111111,EE,,,24,,,,,
30,a,J0320+0059,03:20:29.23,+00:59:44.9,50.12179166666667,0.9958055555555556,EE,,,75,392.0,-0.74,,I,
31,,J0331-0730,03:31:31.48,-07:30:01.8,52.88116666666666,-7.5005,EE,,,56,,,,II,1
32,,J0332+0024,03:32:36.25,+00:24:57.2,53.15104166666666,0.4158888888888889,EE,,,15,58.0,-0.6,,I,1
33,,J0334+0102,03:34:00.64,+01:02:15.9,53.502666666666656,1.0377500000000002,SDSS,0.38,d,6,,,,,
34,,J0335-0719,03:35:48.23,-07:19:12.5,53.95095833333333,-7.320138888888889,EE,,,84,,,,II,
35,,J0703+6014,07:03:11.18,+60:14:23.1,105.79658333333332,60.23975,2MASX,,,54,155.0,-0.47,,I,1
36,,J0704+6228,07:04:22.20,+62:28:13.2,106.0925,62.470333333333336,EE,,,44,205.0,-0.69,,I,1
37,,J0715+4829,07:15:19.07,+48:29:32.0,108.82945833333332,48.49222222222223,EE,,,39,,,,,
38,,J0717+4405,07:17:26.66,+44:05:02.3,109.36108333333333,44.08397222222222,EE,,,223,770.0,-0.55,,,
39,,J0719+5519,07:19:36.64,+55:19:42.8,109.90266666666663,55.32855555555556,EE,,,62,425.0,-0.86,,,1
40,,J0723+3323,07:23:59.55,+33:23:20.2,110.998125,33.38894444444444,EE,,,151,525.0,-0.56,,I,"6, 1, 2"
41,,J0724+3639,07:24:19.13,+36:39:56.7,111.07970833333331,36.66575,EE,,,52,168.0,-0.52,,I,
42,,J0726+3102,07:26:49.96,+31:02:04.0,111.70816666666666,31.034444444444446,2MASX,,,143,887.0,-0.82,,I,
43,,J0733+4213,07:33:12.73,+42:13:00.9,113.30304166666664,42.21691666666667,EE,,,275,,,,,
44,a,J0734+2933,07:34:06.21,+29:33:16.5,113.52587499999998,29.554583333333333,EE,,,106,610.0,-0.78,,I,
45,,J0736+1857,07:36:17.12,+18:57:10.2,114.07133333333331,18.95283333333333,2MASX,,,139,994.0,-0.88,,I,"1, 2"
46,a,J0741+2620,07:41:01.20,+26:20:36.6,115.255,26.3435,EE,,,10,64.0,-0.83,,,
47,,J0744+1658,07:44:59.31,+16:58:59.7,116.24712499999998,16.983249999999998,EE,,,41,107.0,-0.43,,II,1
48,,J0744+4353,07:44:42.18,+43:53:07.8,116.17574999999998,43.8855,EE,,,17,59.0,-0.56,,I,1
49,,J0748+2324,07:48:45.09,+23:24:45.7,117.187875,23.412694444444444,SDSS,0.19,d,515,3238.0,-0.82,7.48,,
50,,J0748+4849,07:48:30.52,+48:49:55.1,117.12716666666664,48.83197222222223,EE,,,12,,,,,1
51,,J0750+1741,07:50:49.80,+17:41:41.9,117.70749999999998,17.694972222222223,EE,,,79,460.0,-0.79,,II,2
52,,J0750+5841,07:50:18.30,+58:41:36.3,117.57625,58.69341666666666,2MASX,,,46,200.0,-0.66,,I,"1, 6"
53,,J0750+5856,07:50:05.16,+58:56:59.4,117.52149999999996,58.94983333333333,GALEX,,,92,,,,I,
54,a,J0752+3750,07:52:28.25,+37:50:56.7,118.11770833333333,37.84908333333333,EE,,,380,2557.0,-0.85,,II,4
55,,J0755+1909,07:55:11.29,+19:09:36.9,118.79704166666666,19.16025,SDSS,0.31,d,35,132.0,-0.59,2.0,I,20
56,,J0757+5824,07:57:38.30,+58:24:37.5,119.40958333333332,58.41041666666666,2MASX,,,19,,,,,1
57,ac,J0806+2531,08:06:11.29,+25:31:37.8,121.54704166666664,25.527166666666663,EE,,,129,,,,,
58,,J0811+1029,08:11:40.88,+10:29:27.3,122.92033333333332,10.490916666666664,2MASX,,,81,469.0,-0.78,,,1
59,,J0813+4347,08:13:00.11,+43:47:48.6,123.25045833333331,43.79683333333333,2MASX,0.13,d,337,,,,,"6, 13"
60,,J0814+4300,08:14:03.34,+43:00:12.9,123.51391666666665,43.00358333333333,EE,,,64,294.0,-0.68,,,
61,,J0815+3840,08:15:12.34,+38:40:45.4,123.80141666666668,38.67927777777778,2MASX,0.13,d,500,3313.0,-0.85,3.18,II,13
62,c,J0816+5716,08:16:59.33,+57:16:28.8,124.24720833333332,57.27466666666667,2MASX,0.2,d,143,718.0,-0.72,2.58,II,"1, 2, 6"
63,,J0818+3858,08:18:22.16,+38:58:40.4,124.59233333333331,38.97788888888889,EE,,,52,276.0,-0.74,,,
64,c,J0818+4956,08:18:00.73,+49:56:11.8,124.50304166666666,49.93661111111111,SDSS,0.28,d,125,1144.0,-0.99,4.25,II,"1, 20"
65,,J0819+1849,08:19:01.55,+18:49:18.2,124.75645833333331,18.82172222222222,EE,,,59,358.0,-0.81,,,1
66,d,J0819+3332,08:19:28.70,+33:32:47.4,124.86958333333332,33.546499999999995,EE,,,6,40.0,-0.85,,,
67,,J0820+3034,08:20:32.51,+30:34:49.8,125.13545833333332,30.5805,EE,,,446,4473.0,-1.03,,I,6
68,,J0822+1435,08:22:58.44,+14:35:47.5,125.7435,14.596527777777778,EE,,,7,,,,,
69,,J0826+0359,08:26:08.51,+03:59:03.6,126.53545833333332,3.984333333333333,SDSS,0.2,d,57,,,,II,"13, 20"
70,,J0830+0836,08:30:16.63,+08:36:53.4,127.56929166666664,8.614833333333333,EE,,,51,110.0,-0.34,,II,1
71,,J0831+3914,08:31:08.01,+39:14:28.1,127.783375,39.24113888888889,EE,,,73,,,,,1
72,,J0833+1027,08:33:45.45,+10:27:53.1,128.43937499999998,10.46475,2MASX,0.29,d,42,,,,II,"1, 2"
73,,J0833+4940,08:33:10.17,+49:40:05.3,128.292375,49.66813888888888,2MASX,0.05,d,43,157.0,-0.58,0.05,I,"1, 13"
74,,J0834+0019,08:34:09.58,+00:19:48.6,128.53991666666664,0.3301666666666666,EE,,,28,44.0,-0.2,,,
75,d,J0837+6020,08:37:34.89,+60:20:46.6,129.395375,60.34627777777778,EE,,,16,,,,II,1
76,b,J0839+0609,08:39:13.94,+06:09:44.9,129.80808333333331,6.162472222222223,SDSS,0.41,d,26,60.0,-0.37,4.35,I,1
77,,J0840+3826,08:40:10.61,+38:26:27.5,130.0442083333333,38.44097222222222,SDSS,,,120,621.0,-0.74,,I,
78,c,J0841-0202,08:41:32.00,-02:03:19.7,130.38333333333333,-2.055472222222222,EE,,,35,,,,II,
79,,J0841+1235,08:41:58.63,+12:35:12.4,130.49429166666664,12.586777777777778,SDSS,0.31,d,15,,,,I,
80,,J0841+5258,08:41:02.16,+52:58:54.1,130.259,52.98169444444444,SDSS,0.52,d,27,115.0,-0.65,4.52,I,1
81,c,J0844+2129,08:44:45.33,+21:29:30.7,131.18887499999997,21.491861111111117,SDSS,,,120,631.0,-0.74,,II,
82,,J0844+2606,08:44:33.40,+26:06:15.1,131.13916666666665,26.104194444444445,2MASX,0.11,d,100,251.0,-0.41,0.93,I,"2, 10, 13"
83,c,J0846-0131,08:46:55.05,-01:31:42.7,131.729375,-1.5285277777777777,EE,,,28,,,,I,1
84,,J0847+3147,08:47:58.72,+31:47:54.3,131.99466666666666,31.798416666666668,EE,,,164,,,,II,
85,,J0851+6227,08:51:59.09,+62:27:57.5,132.99620833333333,62.46597222222223,SDSS,0.92,*,281,1908.0,-0.86,152.79,I,15
86,,J0852+5639,08:52:15.76,+56:39:15.2,133.06566666666666,56.654222222222224,SDSS,0.4,d,22,127.0,-0.78,1.75,II,"1, 20"
87,,J0855+3454,08:55:34.71,+34:54:30.9,133.894625,34.90858333333333,SDSS,,,66,,,,,1
88,,J0856+2152,08:56:16.87,+21:52:52.8,134.07029166666666,21.88133333333333,SDSS,0.38,d,40,220.0,-0.76,2.87,I,1
89,,J0856+4951,08:56:18.71,+49:51:06.4,134.07795833333333,49.85177777777778,SDSS,0.62,d,37,167.0,-0.67,8.98,I,1
90,,J0858+1710,08:58:45.11,+17:10:03.1,134.6879583333333,17.167527777777778,2MASX,0.33,d,66,,,,II,"2, 20"
91,,J0858+5740,08:58:03.85,+57:40:13.8,134.51604166666667,57.6705,SDSS,0.45,d,62,253.0,-0.63,7.7,,"1, 6,  12"
92,,J0859-0251,08:59:54.39,-02:51:40.0,134.97662499999998,-2.861111111111111,GALEX,,,404,,,,,4
93,,J0900+1614,09:00:31.97,+16:14:25.6,135.1332083333333,16.240444444444446,SDSS,,,48,,,,I,"14, 21"
94,,J0900+5056,09:00:52.57,+50:56:22.6,135.21904166666667,50.93961111111111,2MASX,0.2,d,224,,,,II,"13, 20"
95,,J0902+1819,09:02:16.30,+18:19:04.3,135.56791666666663,18.31786111111111,EE,,,79,434.0,-0.76,,I,
96,a,J0903+3230,09:03:00.64,+32:30:40.7,135.75266666666664,32.51130555555556,EE,,,85,,,,I,
97,,J0904+5834,09:04:57.31,+58:34:49.9,136.23879166666663,58.58052777777778,SDSS,0.27,d,25,,,,I,"1, 20"
98,,J0907+0234,09:07:04.23,+02:34:38.1,136.76762499999998,2.57725,EE,,,40,160.0,-0.62,,I,1
99,,J0908+3437,09:08:47.17,+34:37:39.8,137.19654166666666,34.627722222222225,SDSS,0.36,d,16,,,,I,1
100,ac,J0910+3841,09:10:42.23,+38:41:25.6,137.6759583333333,38.69044444444444,SDSS,,,85,377.0,-0.67,,I,"15, 20"
101,,J0912+0534,09:12:35.82,+05:33:55.2,138.14924999999997,5.565333333333333,EE,,,17,41.0,-0.39,,II,
102,c,J0912+0944,09:12:04.76,+09:44:07.4,138.0198333333333,9.735388888888888,SDSS,0.24,d,61,,,15.09,,1
103,,J0913+5208,09:13:15.78,+52:08:55.0,138.31574999999998,52.14861111111111,2MASX,0.19,d,227,1537.0,-0.86,3.23,I,13
104,,J0916+0808,09:16:47.53,+08:08:47.9,139.19804166666663,8.146638888888889,SDSS,,,38,98.0,-0.42,,I,"1, 16"
105,d,J0916+5844,09:16:08.58,+58:44:38.1,139.03574999999998,58.74391666666667,SDSS,,,790,4426.0,-0.77,,II,"1, 2, 6"
106,,J0917+0350,09:17:23.81,+03:50:04.4,139.3492083333333,3.834555555555556,SDSS,,,32,146.0,-0.68,,II,1
107,,J0917+4322,09:17:12.29,+43:22:48.9,139.30120833333334,43.38025,SDSS,,,57,229.0,-0.62,,I,
108,,J0923+0759,09:24:01.47,+07:58:51.1,141.00612499999997,7.980861111111111,EE,,,51,,,,II,
109,,J0924-0524,09:24:27.17,-05:24:34.5,141.11320833333332,-5.409583333333334,EE,,,69,,,,,
110,,J0924+0627,09:24:04.91,+06:27:15.6,141.02045833333332,6.4543333333333335,SDSS,0.2,d,48,123.0,-0.42,1.53,I,"1, 13"
111,,J0924+2326,09:24:20.75,+23:26:33.9,141.08645833333333,23.44275,EE,,,32,138.0,-0.65,,I,
112,,J0925-0557,09:25:31.68,-05:57:38.5,141.38199999999998,-5.960694444444445,EE,,,43,,,,II,1
113,c,J0926+0309,09:26:44.19,+03:09:19.7,141.684125,3.155472222222222,SDSS,0.23,d,112,,,,I,13
114,,J0927+4109,09:27:17.98,+41:09:21.8,141.82491666666664,41.156055555555554,EE,,,14,61.0,-0.66,,,
115,,J0928-0507,09:28:51.88,-05:07:17.5,142.21616666666665,-5.121527777777778,EE,,,139,,,,II,8
116,,J0933+0600,09:33:24.84,+06:00:40.1,143.3535,6.011138888888889,EE,,,102,472.0,-0.68,,II,
117,,J0934+1829,09:34:34.29,+18:29:30.5,143.64287499999998,18.49180555555556,2MASX,0.25,d,54,180.0,-0.54,2.15,II,"1, 13"
118,,J0935-0325,09:35:23.36,-03:25:47.0,143.84733333333332,-3.429722222222222,EE,,,128,,,,,
119,,J0935+1124,09:35:22.76,+11:24:57.5,143.84483333333333,11.415972222222225,EE,,,34,,,,II,
120,,J0936-0627,09:36:02.19,-06:27:59.1,144.00912499999998,-6.4664166666666665,EE,,,106,,,,II,
121,,J0937+0245,09:37:43.70,+02:45:40.2,144.4320833333333,2.7611666666666665,EE,,,31,,,,,
122,,J0937+5800,09:37:28.52,+58:00:13.4,144.36883333333333,58.00372222222222,EE,,,20,116.0,-0.79,,II,1
123,,J0940+1510,09:40:13.55,+15:10:53.2,145.0564583333333,15.181444444444445,SDSS,0.63,d,26,104.0,-0.62,7.02,I,1
124,,J0940+4826,09:40:06.91,+48:26:49.2,145.02879166666665,48.447,SDSS,0.42,d,22,89.0,-0.62,2.35,I,1
125,d,J0941+0814,09:41:42.11,+08:14:00.5,145.42545833333332,8.233472222222222,EE,,,38,150.0,-0.61,,I,
126,,J0941+5751,09:41:46.01,+57:51:24.2,145.4417083333333,57.856722222222224,EE,,,109,,,,I,
127,,J0943+0611,09:43:09.45,+06:11:31.8,145.78937499999998,6.192166666666667,SDSS,,,9,,,,II,
128,,J0944-0234,09:44:33.77,-02:34:16.8,146.1407083333333,-2.571333333333333,EE,,,45,,,,II,1
129,,J0946-0705,09:46:29.26,-07:05:31.3,146.62191666666666,-7.092027777777777,EE,,,50,,,,,1
130,,J0946+3604,09:46:44.44,+36:04:54.4,146.68516666666667,36.08177777777778,EE,,,74,598.0,-0.93,,I,"6, 13, 14"
131,c,J0947+0044,09:47:07.56,+00:44:16.6,146.7815,0.7379444444444444,2MASX,0.26,d,57,,,,II,1
132,c,J0947+5251,09:47:15.39,+52:50:57.9,146.814125,52.84941666666667,EE,,,52,,,,II,
133,,J0950-0437,09:50:18.42,-04:37:40.6,147.57674999999998,-4.627944444444445,EE,,,18,,,,I,1
134,ac,J0953+2924,09:53:27.88,+29:24:19.8,148.36616666666666,29.4055,EE,,,159,,,,II,
135,,J0954+4304,09:54:25.87,+43:04:16.1,148.60779166666666,43.07113888888889,SDSS,0.48,d,57,213.0,-0.59,8.7,II,
136,,J0954+6241,09:54:55.45,+62:41:30.2,148.73104166666667,62.69172222222222,2MASX,0.23,d,93,468.0,-0.72,2.26,I,"1, 2, 6, 13"
137,,J0955-0247,09:55:13.50,-02:47:15.6,148.80624999999998,-2.7876666666666665,SDSS,,,61,,,,II,
138,,J0955+1102,09:55:51.61,+11:02:33.4,148.96504166666665,11.04261111111111,SDSS,0.28,d,33,127.0,-0.6,1.48,II,
139,,J0957-0645,09:57:20.04,-06:45:07.9,149.3335,-6.752194444444444,EE,,,12,,,,,
140,,J0959-0454,09:59:03.53,-04:54:09.5,149.76470833333332,-4.902638888888889,EE,,,70,,,,I,1
141,,J0959+5641,09:59:56.85,+56:41:14.6,149.98687499999997,56.68738888888888,EE,,,21,77.0,-0.58,,II,
142,,J0959+5751,09:59:37.65,+57:51:57.2,149.906875,57.86588888888889,2MASX,0.08,d,51,147.0,-0.47,0.21,II,"1, 7"
143,,J1001+4902,10:01:53.57,+49:20:33.2,150.47320833333333,49.34255555555556,2MASX,,,41,,,,II,1
144,,J1002+4756,10:02:44.00,+47:56:20.2,150.6833333333333,47.93894444444444,SDSS,,,10,47.0,-0.69,,II,"1,  15"
145,,J1003+3730,10:03:46.59,+37:30:56.5,150.944125,37.51569444444444,2MASX,,,57,206.0,-0.57,,,"1, 6, 12"
146,,J1005+6022,10:05:01.01,+60:22:03.8,151.2542083333333,60.36772222222222,2MASX,0.23,d,61,221.0,-0.58,1.87,I,"1, 6, 13"
147,,J1007+2904,10:07:15.78,+29:40:49.1,151.81574999999998,29.68030555555556,EE,,,17,52.0,-0.5,,I,
148,,J1008+0142,10:08:44.59,+01:42:11.4,152.18579166666663,1.7031666666666667,EE,,,178,1040.0,-0.79,,II,8
149,c,J1009+0337,10:09:43.50,+03:37:22.7,152.43124999999998,3.6229722222222223,2MASX,0.11,d,185,,,,II,15
150,,J1010-0601,10:10:57.71,-06:01:25.2,152.74045833333332,-6.023666666666666,EE,,,31,,,,I,
151,,J1018+0348,10:18:52.13,+03:48:56.1,154.71720833333333,3.815583333333333,EE,,,13,,,,,
152,,J1019+0019,10:19:39.05,+00:19:46.1,154.9127083333333,0.3294722222222222,EE,,,53,,,,II,
153,,J1020+4828,10:20:56.98,+48:28:30.6,155.23741666666666,48.47516666666667,EE,,,208,,,,II,2
154,,J1021+0024,10:21:41.19,+00:24:47.6,155.42162499999998,0.4132222222222222,SDSS,,,26,78.0,-0.49,,,1
155,,J1026+3259,10:26:22.33,+32:59:11.6,156.59304166666666,32.986555555555555,2MASX,0.24,d,76,,,,I,"13, 20"
156,,J1031-0640,10:31:30.66,-06:40:28.1,157.87775,-6.674472222222223,EE,,,30,,,,II,1
157,,J1032+0144,10:32:40.96,+01:44:30.3,158.17066666666665,1.74175,EE,,,37,161.0,-0.66,,,
158,ab,J1032+3045,10:32:58.75,+30:45:39.4,158.24479166666666,30.760944444444444,SDSS,0.42,d,23,109.0,-0.7,1.67,II,"1, 7"
159,,J1032+5505,10:32:01.09,+55:05:54.4,158.00454166666665,55.098444444444446,EE,,,10,48.0,-0.7,,I,1
160,,J1033+0755,10:33:39.59,+07:55:30.2,158.41495833333332,7.925055555555556,EE,,,29,273.0,-1.0,,II,
161,,J1033+1923,10:33:08.11,+19:23:55.6,158.28379166666667,19.398777777777777,2MASX,0.19,d,30,129.0,-0.65,0.53,II,"1, 13"
162,,J1035+3406,10:35:11.38,+34:06:24.6,158.79741666666666,34.106833333333334,SDSS,0.53,d,129,461.0,-0.57,25.53,I,
163,,J1038+4148,10:38:27.38,+41:48:43.5,159.6140833333333,41.81208333333333,EE,,,48,111.0,-0.37,,,
164,c,J1039-0645,10:39:47.12,-06:45:24.9,159.9463333333333,-6.756916666666666,2MASS,,,47,,,,II,
165,a,J1039+3338,10:39:16.34,+33:38:29.4,159.81808333333333,33.6415,SDSS,0.36,d,10,42.0,-0.64,0.74,,"1, 20"
166,,J1045+5250,10:45:44.05,+52:50:17.1,161.43354166666666,52.83808333333334,2MASX,0.26,d,29,,,,,
167,,J1046+0538,10:46:43.42,+05:38:38.8,161.68091666666666,5.644111111111111,SDSS,0.3,d,51,253.0,-0.71,2.26,,1
168,,J1046+5434,10:46:41.67,+54:34:25.2,161.67362500000002,54.57366666666667,EE,,,53,,,,,1
169,,J1047-0059,10:47:07.57,-00:59:20.9,161.78154166666664,-0.9891388888888888,EE,,,19,,,,II,
170,b,J1050+3040,10:50:10.50,+30:40:00.0,162.54375,30.666666666666668,2MASS,0.25,d,58,703.0,-1.12,1.73,,17
171,,J1051+0051,10:51:35.32,+00:51:33.8,162.89716666666664,0.8593888888888889,SDSS,2.01,*,21,213.0,-1.04,88.65,II,1
172,,J1054+5425,10:54:30.26,+54:25:05.8,163.62608333333333,54.418277777777774,2MASX,0.18,d,92,282.0,-0.5,1.95,II,"1, 7, 10, 13"
173,,J1103+0356,11:03:32.44,+03:56:23.8,165.88516666666666,3.939944444444445,EE,,,101,,,,II,
174,,J1105+5943,11:05:24.26,+59:43:41.9,166.35108333333332,59.72830555555556,2MASX,0.36,d,89,504.0,-0.78,5.6,II,"1, 2, 6, 7"
175,ab,J1108+2610,11:08:12.46,+26:10:33.8,167.05191666666664,26.17605555555556,2MASX,0.17,d,122,584.0,-0.7,1.58,I,"1, 2, 7, 10"
176,,J1112+0346,11:12:44.34,+03:46:32.5,168.18474999999998,3.775694444444445,EE,,,15,,,,II,
177,,J1114+3625,11:14:01.78,+34:25:03.2,168.5074166666666,34.41755555555555,SDSS,0.57,d,82,,,,II,
178,,J1115+0613,11:15:10.07,+06:13:03.9,168.7919583333333,6.2177500000000006,EE,,,12,74.0,-0.81,,II,1
179,,J1116-0435,11:16:06.35,-04:35:39.4,169.02645833333332,-4.594277777777777,EE,,,33,,,,II,1
180,,J1116+4516,11:16:54.16,+45:16:17.6,169.22566666666668,45.27155555555555,2MASX,,,62,276.0,-0.67,,I,
181,,J1118-0556,11:18:00.70,-05:56:25.5,169.50291666666666,-5.940416666666667,EE,,,63,,,,II,1
182,abc,J1118+3115,11:18:33.52,+31:15:16.3,169.63966666666667,31.254527777777778,EE,,,324,1998.0,-0.81,,,
183,,J1123-0700,11:23:51.34,-07:00:00.3,170.96391666666665,-7.000083333333333,GALEX,,,28,183.0,-0.84,,,1
184,,J1125+0314,11:25:08.80,+03:14:52.2,171.28666666666663,3.2478333333333333,SDSS,,,12,,,,I,1
185,ab,J1125+3618,11:25:23.73,+36:18:24.3,171.34887499999996,36.30675,2MASX,0.28,d,45,,,,,1
186,,J1125+5827,11:25:39.13,+58:27:34.2,171.41304166666666,58.459500000000006,2MASX,0.25,d,20,172.0,-0.96,0.52,II,1
187,a,J1126+2638,11:26:30.83,+26:38:05.5,171.6284583333333,26.63486111111111,EE,,,91,330.0,-0.58,,II,
188,,J1126+5925,11:26:46.63,+59:25:49.9,171.69429166666666,59.430527777777776,EE,,,31,238.0,-0.91,0.87,I,6
189,,J1129+0550,11:29:02.74,+05:50:49.9,172.26141666666663,5.847194444444444,SDSS,0.32,*,19,43.0,-0.36,1.9,II,
190,ab,J1130+2524,11:30:48.83,+25:24:35.6,172.70345833333332,25.409888888888887,2MASX,0.14,,96,,,,II,"1, 13"
191,,J1130+5457,11:30:50.30,+54:57:44.0,172.7095833333333,54.96222222222222,EE,,,20,100.0,-0.72,,II,1
192,,J1131+0435,11:31:40.91,+04:35:20.8,172.92045833333333,4.589111111111111,EE,,,36,90.0,-0.41,0.4,II,
193,,J1131-0600,11:31:56.47,-06:00:12.1,172.98529166666668,-6.003361111111111,EE,,,88,,,,II,
194,,J1138+2012,11:38:00.00,+20:12:22.6,174.49999999999997,20.20627777777778,EE,,,64,248.0,-0.61,,I,
195,,J1138+2039,11:38:50.25,+20:39:18.4,174.70937499999997,20.65511111111111,SDSS,0.18,d,67,267.0,-0.62,1.12,I,"1, 13"
196,c,J1143+0729,11:43:39.85,+07:29:59.6,175.91604166666664,7.499888888888889,2MASX,0.1,d,70,,,,II,"13, 15, 20"
197,,J1143+1525,11:43:16.54,+15:25:13.2,175.81891666666667,15.420333333333332,2MASX,,,15,,,,,1
198,,J1144-0114,11:44:57.93,-01:14:34.4,176.24137499999995,-1.242888888888889,EE,,,32,,,,I,1
199,,J1144+5833,11:44:48.08,+58:33:50.4,176.2003333333333,58.564,SDSS,0.34,d,47,,,,II,
200,c,J1145-0757,11:45:53.08,-07:57:53.6,176.47116666666665,-7.964888888888889,EE,,,51,,,,II,1
201,,J1146-0504,11:46:21.91,-05:04:48.2,176.59129166666665,-5.080055555555555,EE,,,109,,,,,
202,,J1147+5421,11:47:28.97,+54:21:37.3,176.8707083333333,54.36036111111111,SDSS,,,70,375.0,-0.75,,I,"1, 2, 6, 10"
203,ab,J1148+2332,11:48:33.14,+23:32:25.9,177.13808333333333,23.54052777777778,2MASX,0.18,d,40,160.0,-0.62,0.67,I,"1, 13, 20"
204,,J1149-0144,11:49:28.17,-01:44:41.6,177.36737499999998,-1.744888888888889,EE,,,63,,,,II,
205,,J1149+3136,11:49:36.32,+31:36:32.5,177.40133333333333,31.60902777777778,EE,,,10,,,,,1
206,,J1150+5728,11:50:56.08,+57:28:06.5,177.73366666666666,57.46847222222223,SDSS,0.54,*,16,85.0,-0.75,2.61,I,"1, 16"
207,ac,J1152+3405,11:52:43.66,+34:05:33.9,178.18191666666667,34.09275,EE,,,35,,,,II,
208,a,J1154+3635,11:54:34.82,+36:35:39.9,178.64508333333333,36.59441666666667,2MASX,0.11,d,42,,,,II,"1, 6, 13"
209,,J1155-0125,11:55:00.48,-01:25:52.0,178.75199999999998,-1.4311111111111112,2MASX,,,112,,,,I,9
210,,J1158+0037,11:58:21.34,+00:37:08.1,179.58891666666665,0.6189166666666667,EE,,,22,,,,II,
211,,J1158+0946,11:58:54.01,+09:46:31.9,179.72504166666664,9.775527777777778,EE,,,20,50.0,-0.41,,II,1
212,,J1159-0127,11:59:40.93,-01:27:15.1,179.92054166666662,-1.4541944444444443,EE,,,92,,,,I,
213,,J1201+3257,12:01:51.87,+32:57:01.3,180.466125,32.950361111111114,EE,,,158,,,,II,6
214,,J1204+4834,12:04:45.05,+48:34:59.9,181.1877083333333,48.58330555555556,EE,,,29,190.0,-0.84,,II,
215,a,J1205+3204,12:05:14.01,+32:04:41.4,181.308375,32.07816666666667,EE,,,185,,,,II,6
216,ab,J1209+2420,12:09:38.29,+24:20:38.4,182.40954166666663,24.344,EE,,,35,134.0,-0.6,,I,
217,a,J1209+3708,12:09:24.08,+37:08:49.5,182.3503333333333,37.147083333333335,GALEX,,,101,477.0,-0.7,,I,6
218,,J1210+4812,12:10:28.26,+48:12:57.5,182.61775,48.21597222222223,EE,,,38,216.0,-0.78,,I,
219,b,J1211+0607,12:11:10.99,+06:07:44.2,182.79579166666664,6.128944444444444,2MASX,0.14,d,36,88.0,-0.4,0.56,I,13
220,,J1213-0327,12:13:45.43,-03:27:09.5,183.43929166666663,-3.452638888888889,EE,,,26,,,,II,1
221,,J1213+5612,12:13:18.95,+56:12:54.1,183.3289583333333,56.21502777777778,EE,,,13,,,,I,1
222,,J1216+0342,12:16:40.13,+03:42:31.5,184.1672083333333,3.70875,2MASX,0.08,d,20,,,,I,13
223,,J1219+0014,12:19:05.57,+00:14:16.4,184.7732083333333,0.2378888888888889,SDSS,0.41,d,16,,,,I,1
224,,J1220+4759,12:20:13.15,+47:59:46.8,185.05479166666663,47.99633333333333,2MASX,0.3,d,56,,,,I,1
225,,J1221-0113,12:21:59.88,-01:13:59.3,185.49949999999995,-1.233138888888889,SDSS,,,72,,,,II,
226,,J1221-0108,12:21:59.66,-01:08:00.8,185.49858333333333,-1.1335555555555554,SDSS,0.24,*,56,,,,II,
227,,J1230+1144,12:30:11.43,+11:44:45.3,187.547625,11.745916666666666,EE,,,385,1421.0,-0.58,,II,
228,,J1232+3130,12:32:11.44,+31:30:58.1,188.04766666666663,31.51613888888889,SDSS,0.35,d,80,320.0,-0.62,5.72,I,1
229,,J1233+1928,12:33:16.72,+19:28:50.4,188.31966666666665,19.480666666666664,2MASX,0.23,d,106,452.0,-0.65,2.86,II,13
230,a,J1233+3559,12:33:24.51,+35:59:15.5,188.352125,35.98763888888889,EE,,,16,252.0,-1.23,,,1
231,,J1235+5625,12:35:07.09,+56:25:05.6,188.77954166666663,56.41822222222222,SDSS,0.39,*,116,631.0,-0.76,,I,
232,,J1237+2013,12:37:20.33,+20:13:52.6,189.3347083333333,20.231277777777777,EE,,,19,103.0,-0.76,,I,1
233,b,J1241+2734,12:41:08.79,+27:34:47.1,190.286625,27.57975,EE,,,177,,,,II,
234,,J1242+4041,12:42:47.76,+40:41:44.3,190.699,40.69563888888889,SDSS,0.45,d,43,204.0,-0.7,4.87,I,
235,,J1246+5453,12:46:47.53,+54:53:15.2,191.69804166666663,54.88755555555556,2MASX,0.08,d,40,136.0,-0.55,0.14,I,"1, 13"
236,,J1247+4042,12:47:01.00,+40:42:02.3,191.75416666666663,40.70063888888889,SDSS,,,75,304.0,-0.62,,I,
237,,J1249+0143,12:49:48.06,+01:43:19.5,192.45025,1.7220833333333334,EE,,,77,,,,,
238,ab,J1249+3038,12:49:42.23,+30:38:37.9,192.4259583333333,30.64386111111111,2MASX,0.19,d,86,,,,I,13
239,,J1250-0132,12:50:03.80,-01:32:25.0,192.5158333333333,-1.5402777777777776,2MASX,0.08,*,384,,,,II,14
240,,J1250+0839,12:50:10.59,+08:39:52.7,192.544125,8.66463888888889,SDSS,0.35,d,13,,,,II,1
241,,J1250+1133,12:50:13.31,+11:33:08.0,192.5554583333333,11.552222222222223,SDSS,1.29,*,53,280.0,-0.74,65.91,I,16
242,,J1251-0123,12:51:18.15,-01:23:12.5,192.825625,-1.3868055555555556,EE,,,26,,,,,
243,,J1253+0604,12:53:26.70,+06:04:39.7,193.36125,6.077694444444444,SDSS,0.000255,d,46,292.0,-0.82,1.47e-05,II,"1, 2"
244,,J1254+6134,12:54:31.99,+61:34:05.6,193.63329166666665,61.56822222222223,SDSS,,,54,,,,II,"1, 15"
245,,J1255+0152,12:55:17.00,+01:52:59.5,193.8208333333333,1.8831944444444444,EE,,,8,,,,II,
246,,J1256+0125,12:56:22.78,+01:25:16.0,194.09491666666665,1.4211111111111112,SDSS,,,164,,,,II,
247,,J1259+4617,12:59:41.85,+46:17:39.9,194.924375,46.29441666666666,SDSS,0.42,d,13,,,,I,
248,,J1300+2916,13:00:58.31,+29:16:34.2,195.2429583333333,29.276166666666665,SDSS,0.52,d,10,171.0,-1.27,2.29,I,1
249,,J1301-0649,13:01:35.45,-06:49:58.1,195.39770833333333,-6.832805555555555,EE,,,110,,,,I,
250,c,J1304+1855,13:04:09.29,+18:55:48.7,196.0387083333333,18.93019444444445,2MASX,0.2,d,52,100.0,-0.29,2.31,,1
251,,J1306-0539,13:06:30.40,-05:39:26.2,196.62666666666664,-5.657277777777778,EE,,,22,,,,II,
252,a,J1306+3338,13:06:07.11,+33:38:13.5,196.529625,33.63708333333333,SDSS,0.3,d,22,68.0,-0.5,1.39,I,"1, 5"
253,c,J1307+5651,13:07:43.70,+56:51:03.3,196.9320833333333,56.85091666666667,2MASX,0.25,d,136,,,,II,13
254,,J1308+0829,13:08:36.40,+08:29:00.7,197.15166666666664,8.483527777777777,EE,,,13,66.0,-0.73,,I,
255,,J1315+0612,13:15:17.25,+06:12:57.3,198.821875,6.215916666666667,SDSS,0.26,*,45,123.0,-0.45,1.8,II,14
256,,J1319+5443,13:19:52.38,+54:43:08.6,199.96825,54.71905555555556,SDSS,0.37,d,16,71.0,-0.67,1.21,I,
257,,J1320-0341,13:20:31.33,-03:41:05.6,200.13054166666663,-3.684888888888889,EE,,,55,,,,II,
258,,J1321-0637,13:21:40.56,-06:37:11.5,200.41899999999995,-6.619861111111112,EE,,,16,,,,,1
259,ab,J1325+3419,13:25:23.51,+34:19:24.5,201.34795833333328,34.32347222222223,EE,,,23,,,,I,1
260,,J1327+0007,13:27:57.47,+00:07:47.4,201.9894583333333,0.1298333333333333,EE,,,56,,,,II,
261,,J1329-0511,13:29:23.93,-05:11:15.2,202.3497083333333,-5.187555555555556,EE,,,13,,,,I,1
262,c,J1333-0657,13:33:38.09,-06:57:56.4,203.4087083333333,-6.9656666666666665,EE,,,32,,,,II,
263,,J1333+0944,13:33:25.85,+09:44:31.9,203.3577083333333,9.742194444444443,SDSS,0.32,d,24,,,,I,1
264,c,J1333+5427,13:33:35.23,+54:27:43.5,203.39679166666667,54.46208333333334,2MASX,0.11,d,183,,,,II,"2, 6, 13"
265,,J1336+0047,13:36:05.49,+00:47:26.6,204.022875,0.7907222222222222,2MASX,0.27,d,59,185.0,-0.51,2.91,I,
266,,J1337-0803,13:37:32.72,-08:03:36.8,204.3863333333333,-8.060222222222222,EE,,,48,,,,,1
267,,J1339-0726,13:39:02.73,-07:26:43.4,204.761375,-7.445388888888889,EE,,,63,,,,,1
268,,J1340+5439,13:40:48.19,+54:39:49.4,205.20079166666665,54.66372222222222,EE,,,80,243.0,-0.5,,II,1
269,,J1341-0116,13:41:21.03,-01:16:14.3,205.337625,-1.2706388888888889,EE,,,25,,,,II,
270,,J1345-0451,13:45:22.29,-04:51:49.8,206.342875,-4.863833333333333,EE,,,61,,,,II,
271,,J1345+0855,13:45:04.67,+08:55:07.2,206.2694583333333,8.918666666666667,EE,,,14,,,,II,1
272,,J1345+3655,13:45:54.08,+36:55:03.1,206.4753333333333,36.91752777777778,EE,,,213,1383.0,-0.84,,,
273,,J1345+5332,13:45:46.01,+53:32:48.9,206.4417083333333,53.54691666666667,EE,,,434,,,,II,
274,,J1345+6110,13:45:03.06,+61:10:31.6,206.26275,61.175444444444445,SDSS,0.51,d,19,55.0,-0.47,4.1,I,
275,c,J1351-0548,13:51:20.54,-05:48:50.4,207.8355833333333,-5.814,EE,,,349,,,,,
276,,J1351+0712,13:51:44.72,+07:12:17.0,207.9363333333333,7.204722222222222,SDSS,,,126,1938.0,-1.19,,I,
277,,J1353-0732,13:53:30.31,-07:32:16.7,208.37629166666665,-7.537972222222222,2MASX,,,26,,,,II,1
278,,J1354+0528,13:54:42.27,+05:28:56.1,208.676125,5.4822500000000005,2MASX,0.08,d,40,112.0,-0.46,0.16,I,"1, 13, 15"
279,,J1355+1758,13:55:47.13,+17:58:45.0,208.946375,17.979166666666664,SDSS,0.33,d,29,52.0,-0.26,4.05,I,
280,,J1359+2808,13:59:05.03,+28:08:09.9,209.77095833333328,28.13608333333333,EE,,,75,383.0,-0.73,,I,
281,,J1401+0740,14:01:23.41,+07:40:40.1,210.34754166666664,7.6778055555555556,SDSS,0.27,d,16,43.0,-0.44,0.78,,1
282,c,J1401+2833,14:01:48.60,+28:33:17.9,210.4525,28.554972222222226,EE,,,105,157.0,-0.18,,II,
283,,J1401+3256,14:01:08.86,+32:56:00.5,210.28691666666663,32.93347222222222,EE,,,16,115.0,-0.88,,I,
284,,J1401+5654,14:01:09.98,+56:54:20.6,210.2915833333333,56.905722222222224,SDSS,,,43,,,,I,
285,,J1406+0211,14:06:05.67,+02:11:53.9,211.523625,2.1983055555555557,EE,,,15,45.0,-0.49,,I,1
286,,J1408+0511,14:08:53.71,+05:11:24.6,212.22379166666664,5.190166666666667,EE,,,8,,,,II,1
287,,J1408+4540,14:08:06.63,+45:40:54.6,212.027625,45.68183333333333,EE,,,10,,,,I,
288,,J1410-0636,14:10:55.79,-06:36:39.5,212.7324583333333,-6.610972222222222,EE,,,114,,,,I,
289,,J1410+5846,14:10:54.06,+58:46:55.4,212.72525,58.78205555555555,SDSS,0.48,d,45,201.0,-0.67,6.09,I,15
290,,J1411-0731,14:11:38.33,-07:31:43.6,212.9097083333333,-7.528777777777778,EE,,,51,,,,II,
291,,J1411+1048,14:11:29.33,+10:48:59.1,212.8722083333333,10.816416666666669,2MASX,0.16,d,28,106.0,-0.59,0.38,II,"1, 13"
292,,J1411+4535,14:11:10.93,+45:35:18.1,212.79554166666665,45.58836111111111,EE,,,37,86.0,-0.37,,,1
293,,J1412+0043,14:12:20.57,+00:43:14.9,213.0857083333333,0.7208055555555556,EE,,,9,,,,,
294,,J1412+0153,14:12:51.75,+01:53:51.4,213.215625,1.8976111111111111,EE,,,18,131.0,-0.89,,I,1
295,,J1412+0257,14:12:09.48,+02:57:51.8,213.0395,2.964388888888889,SDSS,,,23,,,,II,15
296,,J1412+2157,14:12:53.65,+21:57:43.9,213.22354166666665,21.96219444444444,EE,,,38,140.0,-0.58,,I,1
297,,J1415+2326,14:15:38.85,+23:26:50.7,213.91187499999995,23.447416666666665,EE,,,22,175.0,-0.93,,I,
298,,J1416+2147,14:16:13.79,+21:47:42.8,214.05745833333333,21.795222222222225,2MASX,0.19,d,11,,,,I,
299,,J1417+0114,14:17:52.89,+01:14:42.7,214.470375,1.2451944444444445,SDSS,0.38,d,13,,,,I,
300,,J1419+4657,14:19:40.16,+46:57:29.9,214.9173333333333,46.95830555555556,SDSS,0.48,d,67,362.0,-0.75,8.27,I,
301,c,J1420-0622,14:20:31.37,-06:22:43.4,215.1307083333333,-6.378722222222222,EE,,,26,,,,,
302,,J1422+0825,14:22:58.90,+08:25:18.8,215.74541666666664,8.421888888888889,EE,,,16,,,,I,
303,,J1424+0025,14:24:20.20,+00:25:34.0,216.08416666666665,0.4261111111111111,EE,,,158,714.0,-0.67,,I,8
304,b,J1424+0403,14:24:46.46,+04:03:45.6,216.1935833333333,4.062666666666667,SDSS,0.36,d,20,,,,II,
305,,J1425+5545,14:25:47.10,+55:45:26.1,216.44625,55.75725,EE,,,47,280.0,-0.8,,,1
306,,J1426+4102,14:26:39.46,+41:02:48.9,216.66441666666665,41.04691666666667,SDSS,0.36,d,41,,,,I,
307,a,J1429+2336,14:29:19.16,+23:36:16.7,217.3298333333333,23.60463888888889,SDSS,,,83,,,,II,
308,b,J1433+1913,14:33:20.47,+19:13:29.0,218.33529166666665,19.22472222222222,2MASX,0.21,d,23,,,,II,"1, 13"
309,,J1435+5507,14:35:28.46,+55:07:52.1,218.86858333333333,55.13113888888889,2MASX,0.14,d,480,3017.0,-0.82,3.59,II,"2, 6, 13, 16"
310,,J1437+1950,14:37:37.96,+19:50:11.9,219.40816666666663,19.83663888888889,EE,,,70,274.0,-0.61,,II,
311,,J1438+0926,14:38:07.58,+09:26:11.7,219.5315833333333,9.436583333333331,SDSS,0.33,d,60,213.0,-0.57,4.16,II,
312,,J1438+4753,14:38:40.48,+47:53:56.8,219.66866666666664,47.89911111111111,SDSS,,,47,,,,II,
313,,J1440+1342,14:40:02.86,+13:42:17.9,220.01191666666665,13.70497222222222,SDSS,,,11,,,,II,
314,,J1443-0111,14:43:47.49,-01:11:36.9,220.94787499999995,-1.1935833333333334,EE,,,8,,,,I,
315,,J1443+5201,14:43:02.78,+52:01:37.3,220.7615833333333,52.027027777777775,EE,0.14,d,2541,,,,I,"1, 2, 10, 14"
316,,J1444-0311,14:44:57.45,-03:11:51.3,221.239375,-3.197583333333333,EE,,,370,,,,II,
317,,J1444-0542,14:44:29.96,-05:42:48.8,221.1248333333333,-5.713555555555556,EE,,,70,,,,I,
318,a,J1445+2951,14:45:12.73,+29:51:36.9,221.30304166666664,29.86025,EE,,,30,141.0,-0.69,,I,1
319,,J1445+6357,14:45:38.45,+63:57:33.8,221.4102083333333,63.95938888888889,SDSS,0.3,d,22,123.0,-0.77,0.92,II,
320,,J1446+1402,14:46:33.83,+14:02:11.9,221.6409583333333,14.03663888888889,2MASX,0.12,d,22,,,78.17,I,"1, 13"
321,,J1446+4319,14:46:00.93,+43:19:12.8,221.503875,43.32022222222223,SDSS,,,8,51.0,0.83,,,
322,,J1448+5944,14:48:38.85,+59:44:52.0,222.161875,59.74777777777778,2MASX,0.28,d,130,465.0,-0.57,6.2,II,
323,c,J1450+1447,14:50:01.50,+14:47:47.7,222.50625,14.796583333333333,2MASX,0.3,d,90,,,,II,1
324,c,J1450+2728,14:50:22.52,+27:28:20.5,222.5938333333333,27.47236111111111,2MASX,0.12,d,86,280.0,-0.53,0.73,II,"7, 13, 15"
325,,J1452+0636,14:52:30.11,+06:36:45.0,223.1254583333333,6.6125,EE,,,20,,,,II,
326,,J1452+1707,14:52:22.84,+17:07:17.9,223.09516666666664,17.12163888888889,SDSS,0.04,d,174,,,,II,13
327,b,J1457+0232,14:57:22.66,+02:32:56.4,224.34441666666663,2.549,2MASX,0.15,d,78,110.0,-0.15,2.79,II,"1, 13, 16"
328,,J1457+3140,14:57:55.85,+31:40:57.1,224.48270833333328,31.68252777777778,EE,,,73,,,,II,
329,ab,J1459+2754,14:59:00.23,+27:54:00.8,224.7509583333333,27.900222222222222,2MASX,0.23,d,16,,,,I,"1, 13"
330,,J1501+2134,15:01:28.25,+21:34:23.8,225.36770833333333,21.57327777777778,EE,0.26,d,228,1378.0,-0.8,6.7,II,"1, 2, 9"
331,,J1504+1409,15:04:43.54,+14:09:25.8,226.18141666666665,14.157166666666669,EE,,,6,,,,,
332,,J1505+0253,15:05:50.75,+02:53:04.6,226.46145833333333,2.884611111111111,2MASX,0.05,d,42,89.0,-0.34,0.09,I,"1, 15"
333,c,J1510+0544,15:10:56.07,+05:44:41.7,227.733625,5.744916666666667,EE,,,552,7719.0,-1.18,,I,20
334,,J1511+3633,15:11:25.92,+36:33:36.0,227.858,36.56,2MASX,0.16,*,144,,,,I,"13, 16, 20"
335,,J1512+0612,15:12:54.82,+06:12:11.7,228.22841666666665,6.203250000000001,2MASX,0.17,d,28,,,,II,"1, 13, 20"
336,,J1512+1513,15:12:20.61,+15:13:51.3,228.085875,15.230916666666667,EE,,,66,266.0,-0.62,,,1
337,,J1512+3654,15:12:18.26,+36:54:18.8,228.0760833333333,36.90522222222222,2MASX,0.29,d,52,220.0,-0.64,2.36,II,"1, 16, 20"
338,a,J1520+2329,15:20:01.08,+23:29:05.2,230.0045,23.48477777777778,SDSS,0.48,d,10,48.0,-0.7,1.3,II,"1, 20"
339,ac,J1521+3157,15:21:26.98,+31:57:33.3,230.36241666666663,31.95925,2MASX,0.31,d,82,,,,II,20
340,,J1521+5104,15:21:25.02,+51:04:03.1,230.35424999999995,51.06752777777778,EE,,,273,2201.0,-0.93,,I,1
341,,J1524+1321,15:24:43.44,+13:21:21.3,231.18099999999995,13.355916666666666,EE,,,6,,,,I,
342,,J1528+0714,15:28:18.54,+07:14:09.3,232.07725,7.235916666666666,SDSS,0.39,d,24,,,,I,"1, 20"
343,,J1529-0431,15:29:18.88,-04:31:38.3,232.32866666666663,-4.527305555555556,EE,,,33,,,,II,
344,,J1532+0028,15:32:52.09,+00:28:09.4,233.21704166666663,0.4692777777777778,SDSS,,,29,,,,I,
345,,J1532+4658,15:32:01.76,+46:58:52.8,233.0073333333333,46.98133333333333,SDSS,0.32,d,25,51.0,-0.32,2.8,II,1
346,,J1533+5700,15:33:46.37,+57:00:11.9,233.44320833333333,57.00330555555556,2MASX,0.22,d,110,449.0,-0.63,2.79,I,"1, 2, 6, 20"
347,,J1534+0556,15:34:39.48,+05:56:17.5,233.6645,5.938194444444445,SDSS,,,43,125.0,-0.48,,I,"14, 20"
348,,J1536-0201,15:36:44.82,-02:01:36.8,234.18675,-2.0268888888888887,EE,,,241,,,,,1
349,,J1537+4051,15:37:52.75,+40:51:30.6,234.46979166666665,40.8585,EE,,,15,84.0,-0.77,,,
350,,J1538+3557,15:38:56.78,+35:57:09.6,234.7365833333333,35.95266666666667,SDSS,,,168,,,,I,20
351,,J1539-0215,15:39:59.25,-02:15:10.2,234.996875,-2.252833333333333,SDSS,,,34,,,,I,
352,,J1539-0544,15:39:23.41,-05:44:42.9,234.84754166666664,-5.74525,EE,,,20,,,,I,1
353,,J1539+0450,15:39:04.01,+04:50:56.9,234.76670833333333,4.849138888888889,SDSS,0.17,d,8,,,,II,"1, 13"
354,c,J1545-0249,15:45:48.80,-02:49:38.6,236.4533333333333,-2.8273888888888887,EE,,,51,,,,II,
355,,J1548+5813,15:48:26.29,+58:13:14.0,237.10954166666664,58.22055555555556,SDSS,,,455,2630.0,-0.78,,,"1, 2, 6, 16"
356,,J1550+1200,15:50:34.84,+12:00:40.8,237.64516666666665,12.011333333333331,2MASX,0.3,d,57,190.0,-0.54,3.37,I,1
357,,J1551+0609,15:51:40.33,+06:09:16.7,237.91804166666665,6.154638888888889,2MASX,0.31,d,21,77.0,-0.58,1.23,I,"1, 17, 20"
358,,J1554+5819,15:54:51.41,+58:19:09.5,238.7142083333333,58.31930555555556,EE,,,10,,,,I,1
359,,J1559-0143,15:59:20.03,-01:43:33.4,239.83345833333328,-1.7259416666666667,EE,,,52,,,,I,
360,,J1601+3155,16:01:30.74,+31:55:32.4,240.3780833333333,31.925666666666668,SDSS,,,19,113.0,-0.8,,I,
361,,J1606+5610,16:06:04.55,+56:10:44.7,241.51895833333333,56.17908333333333,EE,,,17,103.0,-0.81,,,
362,,J1607+4825,16:07:28.21,+48:25:35.2,241.86754166666665,48.42644444444444,SDSS,0.97,d,59,378.0,-0.83,220.26,I,"1, 15"
363,,J1608+0141,16:08:03.55,+01:41:54.3,242.0147916666666,1.698427777777778,EE,,,516,3282.0,-0.83,,I,
364,,J1609+5844,16:09:29.98,+58:44:08.0,242.37491666666665,58.73555555555556,SDSS,0.39,d,21,70.0,-0.54,2.23,I,1
365,,J1616+0926,16:16:53.17,+09:26:35.7,244.2215416666666,9.44325,SDSS,0.2,d,225,1197.0,-0.75,3.94,II,"13, 20"
366,,J1620+4740,16:20:06.81,+47:40:45.7,245.02837499999995,47.67936111111111,SDSS,,,132,,,,II,
367,,J1621+1140,16:21:23.34,+11:40:12.5,245.34725,11.670138888888888,EE,,,18,124.0,-0.86,,I,1
368,a,J1625+3026,16:25:31.80,+30:26:39.4,246.3825,30.444277777777778,EE,,,207,1103.0,-0.75,,II,
369,,J1625+4456,16:25:23.87,+44:56:23.4,246.34945833333333,44.93983333333333,SDSS,0.4,d,66,240.0,-0.58,6.85,II,20
370,,J1625+4813,16:25:12.80,+48:13:03.4,246.30333333333328,48.21761111111111,EE,,,43,166.0,-0.6,,II,
371,,J1631+0531,16:31:10.28,+05:31:50.3,247.79283333333328,5.530638888888888,2MASX,0.15,d,44,,,,II,"1, 2, 21"
372,,J1631+0535,16:31:42.43,+05:35:23.1,247.92679166666665,5.58975,EE,,,12,,,,II,
373,,J1633+1710,16:33:51.11,+17:10:54.5,248.4629583333333,17.181805555555556,SDSS,0.35,d,33,,,,II,1
374,b,J1635+2020,16:35:17.08,+20:20:48.5,248.8211666666666,20.346805555555555,2MASX,0.15,d,80,,,,I,1
375,,J1635+4309,16:35:16.22,+43:09:55.9,248.8175833333333,43.165527777777775,EE,,,26,,,,I,
376,,J1641+1004,16:41:08.91,+10:04:42.3,250.287125,10.078416666666666,EE,,,211,1230.0,-0.79,,I,
377,,J1645+1046,16:45:00.34,+10:46:40.1,251.2514166666666,10.777805555555556,SDSS,,,23,,,,II,
378,,J1645+5842,16:45:22.51,+58:42:55.8,251.34379166666665,58.715500000000006,EE,,,62,556.0,-0.98,,,1
379,ab,J1650+3202,16:50:07.71,+32:02:09.0,252.53212499999995,32.03583333333333,SDSS,0.3,d,43,119.0,-0.45,30.3,II,1
380,,J1651+3500,16:51:25.35,+35:00:36.2,252.855625,35.01005555555555,EE,,,157,473.0,-0.49,,I,
381,,J1655+5217,16:55:18.47,+52:17:23.8,253.82695833333327,52.28994444444445,EE,,,63,470.0,-0.9,,II,1
382,a,J1657+2746,16:57:47.88,+27:46:09.5,254.4495,27.769305555555555,2MASX,,,18,66.0,-0.58,,I,1
383,,J1659+2955,16:59:36.94,+29:55:17.2,254.90391666666665,29.921444444444447,SDSS,,,77,846.0,-1.07,,II,15
384,,J1701+4959,17:01:37.10,+49:59:14.6,255.40458333333328,49.98738888888889,EE,,,12,,,,I,
385,,J1705+5109,17:05:26.41,+51:09:35.4,256.36004166666663,51.15983333333333,EE,0.53,*,342,2570.0,-0.9,50.27,,"1, 2, 10"
386,,J1708+4723,17:08:51.55,+47:23:35.5,257.21479166666666,47.39319444444445,EE,,,5,,,,I,1
387,,J1718+4202,17:18:02.23,+42:02:11.5,259.5092916666667,42.03652777777778,SDSS,0.41,d,17,,,,II,
388,a,J1719+3547,17:19:36.39,+35:47:07.0,259.901625,35.78527222222222,SDSS,0.26,*,33,91.0,-0.45,1.85,I,
389,,J1723+4757,17:23:51.91,+47:57:32.7,260.9662916666667,47.95908333333334,EE,,,14,,,,,1
390,,J1727+4030,17:27:55.04,+40:30:23.5,261.97933333333333,40.50652777777778,EE,,,12,67.0,-0.77,,,
391,,J1743+6342,17:43:41.98,+63:42:37.3,265.9249166666666,63.71036111111111,EE,,,13,,,,,
392,,J2020+0026,20:20:53.29,+00:26:26.1,305.2220416666666,0.4405833333333333,EE,,,17,,,,II,1
393,,J2031+0107,20:31:24.60,+01:07:14.8,307.8525,1.120777777777778,EE,,,26,131.0,-0.72,,,
394,,J2056+0205,20:56:37.87,+02:05:45.8,314.15779166666664,2.096055555555556,EE,,,47,,,,I,
395,a,J2127-0127,21:27:10.80,-01:27:21.2,321.795,-1.4558888888888888,2MASX,0.18,d,75,,,,II,
396,,J2127+0042,21:27:22.52,+00:42:57.7,321.8438333333333,0.7160277777777777,2MASX,0.13,d,11,49.0,-0.67,0.08,I,"1, 13"
397,,J2131-0555,21:31:53.07,-05:55:55.0,322.9711249999999,-5.9319444444444445,2MASX,,,39,,,,II,
398,,J2138-0545,21:38:19.97,-05:45:44.2,324.5832083333333,-5.762277777777777,EE,,,87,,,,I,
399,,J2139+1008,21:39:46.25,+10:08:28.0,324.9427083333333,10.14111111111111,2MASX,0.22,d,87,,,,,1
400,,J2142-0549,21:42:36.85,-05:49:43.3,325.6535416666666,-5.828694444444444,EE,,,50,,,,,1
401,,J2142+1017,21:42:03.49,+10:17:21.8,325.5145416666666,10.289388888888888,2MASX,0.07,d,98,,,,II,"2, 10"
402,,J2145-0659,21:45:03.51,-06:59:24.7,326.264625,-6.990194444444445,EE,,,26,,,,II,
403,,J2147+1215,21:47:11.37,+12:15:15.8,326.797375,12.254388888888888,SDSS,,,20,,,,II,1
404,,J2148-0825,21:48:01.28,-08:25:27.5,327.0053333333333,-8.424305555555556,2MASX,0.13,d,92,,,,II,13
405,,J2150-0744,21:50:10.33,-07:44:17.8,327.5430416666666,-7.738277777777778,EE,,,22,,,,II,1
406,,J2158-0507,21:58:52.69,-05:07:35.8,329.7195416666666,-5.126611111111111,EE,,,37,,,,II,
407,,J2201-0451,22:01:39.25,-04:51:36.9,330.41354166666656,-4.86025,EE,,,23,,,,I,1
408,,J2202-0101,22:02:04.86,-01:01:01.4,330.52025,-1.0170555555555556,2MASX,0.18,d,72,,,,I,13
409,a,J2207-0102,22:07:30.82,-01:02:46.1,331.8784166666666,-1.046138888888889,EE,,,13,,,,I,
410,,J2210-0152,22:10:04.77,-01:52:33.9,332.519875,-1.876083333333333,GALEX,,,39,,,,I,
411,,J2213-0854,22:13:12.43,-08:54:37.1,333.3017916666666,-8.910305555555556,EE,,,632,,,,I,
412,,J2214-0447,22:14:44.07,-04:47:33.6,333.683625,-4.792666666666666,EE,,,24,,,,I,1
413,,J2215-0757,22:15:49.46,-07:57:39.9,333.95608333333325,-7.961083333333334,2MASX,0.21,d,24,,,,I,"1, 13"
414,,J2218+0230,22:18:07.20,+02:30:33.2,334.53,2.5092222222222222,EE,,,36,256.0,-0.88,,II,1
415,,J2221-0747,22:21:16.81,-07:47:42.6,335.32004166666667,-7.795166666666667,SDSS,,,85,,,,II,8
416,a,J2248+0052,22:48:12.59,+00:52:52.8,342.0524583333333,0.8813333333333334,SDSS,0.41,d,16,,,,II,
417,,J2250-0141,22:50:47.02,-01:41:17.2,342.6959166666666,-1.6881111111111111,2MASX,0.11,d,127,,,,II,"1, 16"
418,a,J2301+0037,23:01:35.06,+00:37:13.1,345.3960833333333,0.6203055555555556,SDSS,0.43,d,47,177.0,-0.59,5.58,I,20
419,,J2306-0357,23:06:31.11,-03:57:45.2,346.629625,-3.962555555555556,EE,,,103,,,,,
420,,J2312-0919,23:12:12.16,-09:19:28.6,348.05066666666664,-9.32461111111111,SDSS,0.83,d,180,,,,II,"1, 2, 8, 10"
421,,J2315-0300,23:15:27.84,-03:00:05.1,348.866,-3.0014166666666666,EE,,,73,,,,II,
422,,J2319-0737,23:19:19.27,-07:37:34.5,349.8302916666666,-7.626250000000001,EE,,,70,,,,II,
423,,J2320-0433,23:20:49.50,-04:33:58.5,350.20624999999995,-4.56625,EE,,,101,,,,I,1
424,,J2328+0038,23:28:54.12,+00:38:48.8,352.22549999999995,0.6468888888888888,SDSS,0.43,,24,57.0,-0.39,4.32,I,
425,,J2334-0759,23:34:55.59,-07:59:14.4,353.73162499999995,-7.987333333333333,EE,,,15,,,,II,
426,,J2337-0900,23:37:34.47,-09:00:15.4,354.393625,-9.004277777777778,SDSS,,,96,,,,,
427,,J2344-0658,23:44:42.31,-06:58:09.8,356.17629166666666,-6.969388888888889,EE,,,82,,,,I,1
428,,J2349-0812,23:49:44.66,-08:12:08.6,357.43608333333333,-8.202388888888889,EE,,,13,,,,II,1
429,a,J2350-0117,23:50:28.43,-01:17:02.0,357.6184583333333,-1.2838888888888889,2MASX,0.19,d,50,,,,I,"1, 16"
430,,J2356+0119,23:56:36.26,+01:19:29.1,359.1510833333333,1.32475,EE,,,23,,,,II,
